Date,USDTRY,Return_1D,Return_5D,Volatility_5D,Volatility_20D,Volatility_60D,MA_Distance_20D,MA_Slope_20D,Drawdown_60D,Absolute_Return_1D,Return_ZScore_20D,Volatility_Ratio_5D_60D,Drawdown_Change_5D,Baseline_Anomaly,Baseline_Anomaly_Score,Rules_Breached,Primary_Reason,IF_Raw_Score,IF_Anomaly_Score,IF_Anomaly,Comparison_Class
2021-12-23,11.2898,-0.0738474159146841,-0.2801157956487362,0.0860906399256618,0.0576309575705417,0.0386521276578614,-0.1725186296548484,0.3101244004436359,-0.3159645434330826,0.0738474159146841,-1.3921666389767815,2.227319558905368,-0.3159645434330826,True,6.319290868661652,3,DRAWDOWN_SHIFT,-0.7890225764755151,0.7890225764755151,True,BOTH
2021-12-21,12.557,-0.0654908089603333,-0.1277498767027181,0.104191672740266,0.0571835571573418,0.0369812584410259,-0.081012445156781,0.3435407009072178,-0.2391864135670445,0.0654908089603333,-1.2365743059891017,2.817418258127173,-0.2391864135670445,True,4.78372827134089,3,DRAWDOWN_SHIFT,-0.7774619329504749,0.7774619329504749,True,BOTH
2021-12-22,12.19,-0.0292267261288524,-0.1766962488687172,0.1002891693990697,0.0550685782915429,0.0372677171402987,-0.1088575466022179,0.3293156377213124,-0.2614225038928305,0.0292267261288524,-0.5227808737100655,2.691046758284639,-0.2614225038928305,True,5.22845007785661,2,DRAWDOWN_SHIFT,-0.7727534642014849,0.7727534642014849,True,BOTH
2021-12-24,10.9914,-0.026430937660543,-0.334044241943204,0.0648667764081717,0.0573720601210138,0.0388482079759928,-0.1903019516467778,0.2863444430546238,-0.334044241943204,0.026430937660543,-0.4352498941641687,1.669749514527355,-0.334044241943204,True,6.680884838864079,1,DRAWDOWN_SHIFT,-0.7708372601879158,0.7708372601879158,True,BOTH
2021-12-20,13.437,-0.1858682678267402,-0.0285499461389975,0.1040061976679864,0.0611362180833093,0.0357535353884926,-0.0175293902167512,0.3668516553035075,-0.1858682678267402,0.1858682678267402,-5.130070644360355,2.908976595960945,-0.1823813114929433,True,4.646706695668505,4,LARGE_ABSOLUTE_RETURN,-0.7698670532407156,0.7698670532407156,True,BOTH
2021-12-27,11.567,0.0523682151500264,-0.1391679690407085,0.0499228960221556,0.0580802163768853,0.0393330322486776,-0.143958159262118,0.2608236201421017,-0.2991693275248868,0.0523682151500264,0.9861104928732746,1.2692358856679309,-0.1133010596981465,True,2.2660211939629296,2,DRAWDOWN_SHIFT,-0.7432115680608586,0.7432115680608586,True,BOTH
2018-08-14,6.3544,-0.076851555917134,0.211677440268482,0.0865459442564512,0.0456123569991009,0.0292107115733917,0.2159762407764613,0.1116143078521734,-0.076851555917134,0.076851555917134,-2.343938786409916,2.962815337072674,-0.0607542969538875,True,1.9212888979283496,3,LARGE_ABSOLUTE_RETURN,-0.7429854973933284,0.7429854973933284,True,BOTH
2018-08-15,5.9905,-0.0572674052624953,0.1345643939393939,0.097160505705451,0.0482866131294952,0.0301459427134748,0.1333794971923292,0.1235782606338824,-0.1297178719818694,0.0572674052624953,-1.584332324857634,3.223004389974564,-0.1203184235662675,True,2.40636847132535,3,DRAWDOWN_SHIFT,-0.7402290926415404,0.7402290926415404,True,BOTH
2018-08-10,6.4275,0.1590060767802081,0.2648824166092689,0.0673012303463743,0.0389234933864532,0.0259199793567843,0.2736524845883592,0.0758692586398215,0.0,0.1590060767802081,7.960344508552309,2.5965001522564437,0.0,True,3.975151919505202,3,LARGE_ABSOLUTE_RETURN,-0.7402226079028548,0.7402226079028548,True,BOTH
2018-08-13,6.8834,0.0709295993776739,0.2914204236318267,0.0679466631880756,0.0406500536928585,0.0271906671500399,0.3370069915400326,0.0959237846283531,0.0,0.0709295993776739,1.442266537968952,2.4988965078768177,0.0,True,1.7732399844418476,2,LARGE_ABSOLUTE_RETURN,-0.7201491040574688,0.7201491040574688,True,BOTH
2021-11-23,12.8129,0.1233276639020883,0.2419451767990075,0.0447646653869267,0.0278061345246925,0.0179031715222825,0.2598591656624982,0.1135490807840311,0.0,0.1233276639020883,9.768776327008478,2.500376278650521,0.0,True,3.0831915975522075,3,LARGE_ABSOLUTE_RETURN,-0.7200056922381141,0.7200056922381141,True,BOTH
2018-08-16,5.827,-0.0272932142559051,0.0507239843482336,0.0991280527745093,0.0490554053958191,0.0302647107029314,0.091905991522597,0.1334107837286207,-0.1534706685649534,0.0272932142559051,-0.8189449760136057,3.275367597183339,-0.1534706685649534,True,3.069413371299068,2,DRAWDOWN_SHIFT,-0.7196670023118539,0.7196670023118539,True,BOTH
2021-11-24,11.8876,-0.0722162820282683,0.1180227035466063,0.0697130011718241,0.0337983839792354,0.0206114350173367,0.1552227289556873,0.1231798676346755,-0.0722162820282683,0.0722162820282683,-3.145471371018301,3.3822487911776675,-0.0722162820282683,True,1.8054070507067077,3,LARGE_ABSOLUTE_RETURN,-0.719214632177326,0.719214632177326,True,BOTH
2021-12-29,12.668,0.0710179235711869,0.0392124692370796,0.0592240820317196,0.0582686948499108,0.0402799981127291,-0.0537462847889045,0.2056124001966801,-0.2324610565475289,0.0710179235711869,1.3689021433496351,1.470309950511241,0.0289614473453015,True,1.7754480892796725,1,LARGE_ABSOLUTE_RETURN,-0.714124574510289,0.714124574510289,True,BOTH
2021-12-28,11.828,0.022564191233682,-0.0580552679780203,0.049148179448648,0.0560117504405663,0.0393935310448569,-0.1185862206440699,0.2287572423044435,-0.2833556502087284,0.022564191233682,0.4470323371613675,1.2476205647237768,-0.0441692366416838,False,0.8833847328336759,0,DRAWDOWN_SHIFT,-0.7091502759461954,0.7091502759461954,True,ISOLATION_FOREST_ONLY
2021-12-30,13.1706,0.0396747710767289,0.1665928537263725,0.037078443021907,0.0586296820580699,0.0404922086007653,-0.0143415379238579,0.1821252046919692,-0.2020091246735778,0.0396747710767289,0.6931799906619666,0.9156932729326652,0.1139554187595048,True,2.279108375190096,1,DRAWDOWN_SHIFT,-0.7088601810682069,0.7088601810682069,True,BOTH
2021-12-17,16.5047,0.0524077333129286,0.1890737231904209,0.0247231742312623,0.0401489254987634,0.0252422557152623,0.2157974778281433,0.3691673218230882,0.0,0.0524077333129286,0.8614906065687554,0.9794360104003644,0.0,True,1.310193332823215,1,LARGE_ABSOLUTE_RETURN,-0.6895652390310223,0.6895652390310223,True,BOTH
2021-12-31,13.2844,0.008640456774938,0.2086176465236457,0.0244746895571936,0.0586583722588547,0.0404919448120843,-0.0041974019509918,0.1594390011042157,-0.1951141190085248,0.008640456774938,0.1496008461439752,0.6044335403195908,0.1389301229346791,True,2.778602458693582,1,DRAWDOWN_SHIFT,-0.6863303961958854,0.6863303961958854,True,BOTH
2021-11-29,12.817,0.0362195812110923,0.12368711753257,0.0698558349751316,0.0340450040494712,0.0211139740496846,0.1959553809827512,0.1566584227740817,0.0,0.0362195812110923,0.6732819193296412,3.308511927254884,0.0,True,1.654255963627442,1,VOLATILITY_ACCELERATION,-0.6853233308810397,0.6853233308810397,True,BOTH
2018-08-17,6.014,0.0320919855843486,-0.0643329443796187,0.0618660817658923,0.0491662720028096,0.030476176577283,0.1141978710928273,0.1449770478727918,-0.1263038614638114,0.0320919855843486,0.4346841057016082,2.0299817337325505,-0.1263038614638114,True,2.526077229276228,2,DRAWDOWN_SHIFT,-0.6851908712720123,0.6851908712720123,True,BOTH
2022-01-03,13.0819,-0.0152434434374153,0.1309674072793289,0.0325021294610513,0.0587411283003159,0.0405972178974238,-0.0167359849795916,0.1359815675521294,-0.2073833514089926,0.0152434434374153,-0.2622209483547135,0.800599921481659,0.0917859761158941,True,1.835719522317882,1,DRAWDOWN_SHIFT,-0.6850162049578581,0.6850162049578581,True,BOTH
2022-01-04,13.4246,0.0261965005083359,0.1349847818735206,0.0324654062180408,0.0588025995116226,0.0406696500949014,0.0092492841070639,0.1178193833894838,-0.1866195689712627,0.0261965005083359,0.4613861497338729,0.7982710975453134,0.0967360812374656,True,1.934721624749312,1,DRAWDOWN_SHIFT,-0.6833124608419247,0.6833124608419247,True,BOTH
2023-06-07,23.2553,0.0782016449839118,0.1190385679570771,0.0312990837880649,0.0173310790079032,0.0105928806603587,0.1441589728236845,0.045868993880515,0.0,0.0782016449839118,12.39216608032186,2.9547282549112603,0.0,True,3.098041520080465,3,LOCAL_RETURN_SHOCK,-0.6810269510149298,0.6810269510149298,True,BOTH
2021-12-16,15.6828,0.0592049276654373,0.13830721549215,0.0251936744722346,0.0394226873395486,0.0246435600745504,0.1780555713094025,0.3539103125422702,0.0,0.0592049276654373,1.085127990233465,1.0223228460506528,0.0015363988839366,True,1.4801231916359323,1,LARGE_ABSOLUTE_RETURN,-0.6789494283672786,0.6789494283672786,True,BOTH
2021-11-26,12.369,0.0307671794529909,0.0995155340237343,0.0697123984365273,0.0339837624162026,0.0208295002551576,0.1720926530287352,0.1431914164122281,-0.0346447720656526,0.0307671794529909,0.5520653114326183,3.3468108971681056,-0.0346447720656526,True,1.6734054485840528,1,VOLATILITY_ACCELERATION,-0.67878402560057,0.67878402560057,True,BOTH
