Date,USDTRY,Return_1D,Return_5D,Volatility_5D,Volatility_20D,Volatility_60D,MA_Distance_20D,MA_Slope_20D,Drawdown_60D,Absolute_Return_1D,Return_ZScore_20D,Volatility_Ratio_5D_60D,Drawdown_Change_5D,Score_Return_Z,Score_Volatility_Ratio,Score_Drawdown_Change,Score_Absolute_Return,Baseline_Anomaly_Score,Rule_Return_Z,Rule_Volatility_Ratio,Rule_Drawdown_Change,Rule_Absolute_Return,Rules_Breached,Baseline_Anomaly,Primary_Reason
2023-08-24,25.7736,-0.0520682768589114,-0.0482176422581086,0.0237638185046495,0.0118163129474016,0.0151669618240181,-0.0435016088787171,0.0210354843543991,-0.0520682768589114,0.0520682768589114,-48.66321547877196,1.566814684468816,-0.0520682768589114,12.16580386969299,0.783407342234408,1.0413655371782278,1.301706921472785,12.16580386969299,True,False,True,True,3,True,LOCAL_RETURN_SHOCK
2021-12-24,10.9914,-0.026430937660543,-0.334044241943204,0.0648667764081717,0.0573720601210138,0.0388482079759928,-0.1903019516467778,0.2863444430546238,-0.334044241943204,0.026430937660543,-0.4352498941641687,1.669749514527355,-0.334044241943204,0.10881247354104218,0.8348747572636775,6.680884838864079,0.660773441513575,6.680884838864079,False,False,True,False,1,True,DRAWDOWN_SHIFT
2025-03-19,37.808,0.0304490498980669,0.0333499144523583,0.0133084338908663,0.0067807018695829,0.0040848349414974,0.0340339892726628,0.0168773642994335,0.0,0.0304490498980669,25.643220666840804,3.258010196609745,0.0,6.410805166710201,1.6290050983048725,0.0,0.7612262474516726,6.410805166710201,True,True,False,False,2,True,LOCAL_RETURN_SHOCK
2021-12-23,11.2898,-0.0738474159146841,-0.2801157956487362,0.0860906399256618,0.0576309575705417,0.0386521276578614,-0.1725186296548484,0.3101244004436359,-0.3159645434330826,0.0738474159146841,-1.3921666389767815,2.227319558905368,-0.3159645434330826,0.3480416597441954,1.113659779452684,6.319290868661652,1.8461853978671026,6.319290868661652,False,True,True,True,3,True,DRAWDOWN_SHIFT
2021-12-22,12.19,-0.0292267261288524,-0.1766962488687172,0.1002891693990697,0.0550685782915429,0.0372677171402987,-0.1088575466022179,0.3293156377213124,-0.2614225038928305,0.0292267261288524,-0.5227808737100655,2.691046758284639,-0.2614225038928305,0.13069521842751639,1.3455233791423196,5.22845007785661,0.73066815322131,5.22845007785661,False,True,True,False,2,True,DRAWDOWN_SHIFT
2021-12-21,12.557,-0.0654908089603333,-0.1277498767027181,0.104191672740266,0.0571835571573418,0.0369812584410259,-0.081012445156781,0.3435407009072178,-0.2391864135670445,0.0654908089603333,-1.2365743059891017,2.817418258127173,-0.2391864135670445,0.3091435764972754,1.4087091290635865,4.78372827134089,1.6372702240083323,4.78372827134089,False,True,True,True,3,True,DRAWDOWN_SHIFT
2021-12-20,13.437,-0.1858682678267402,-0.0285499461389975,0.1040061976679864,0.0611362180833093,0.0357535353884926,-0.0175293902167512,0.3668516553035075,-0.1858682678267402,0.1858682678267402,-5.130070644360355,2.908976595960945,-0.1823813114929433,1.2825176610900888,1.4544882979804725,3.6476262298588655,4.646706695668505,4.646706695668505,True,True,True,True,4,True,LARGE_ABSOLUTE_RETURN
2018-08-10,6.4275,0.1590060767802081,0.2648824166092689,0.0673012303463743,0.0389234933864532,0.0259199793567843,0.2736524845883592,0.0758692586398215,0.0,0.1590060767802081,7.960344508552309,2.5965001522564437,0.0,1.9900861271380772,1.2982500761282219,0.0,3.975151919505202,3.975151919505202,True,True,False,True,3,True,LARGE_ABSOLUTE_RETURN
2023-06-07,23.2553,0.0782016449839118,0.1190385679570771,0.0312990837880649,0.0173310790079032,0.0105928806603587,0.1441589728236845,0.045868993880515,0.0,0.0782016449839118,12.39216608032186,2.9547282549112603,0.0,3.098041520080465,1.4773641274556302,0.0,1.955041124597795,3.098041520080465,True,True,False,True,3,True,LOCAL_RETURN_SHOCK
2021-11-23,12.8129,0.1233276639020883,0.2419451767990075,0.0447646653869267,0.0278061345246925,0.0179031715222825,0.2598591656624982,0.1135490807840311,0.0,0.1233276639020883,9.768776327008478,2.500376278650521,0.0,2.4421940817521195,1.2501881393252605,0.0,3.0831915975522075,3.0831915975522075,True,True,False,True,3,True,LARGE_ABSOLUTE_RETURN
2018-08-16,5.827,-0.0272932142559051,0.0507239843482336,0.0991280527745093,0.0490554053958191,0.0302647107029314,0.091905991522597,0.1334107837286207,-0.1534706685649534,0.0272932142559051,-0.8189449760136057,3.275367597183339,-0.1534706685649534,0.20473624400340143,1.6376837985916695,3.069413371299068,0.6823303563976274,3.069413371299068,False,True,True,False,2,True,DRAWDOWN_SHIFT
2023-05-30,20.4955,0.0200521585061166,0.0325761125301653,0.0078325405518723,0.0044028680316284,0.00272149674956,0.0379822866148877,0.0198076077348394,0.0,0.0200521585061166,11.593542165832822,2.878026789169832,0.0,2.8983855414582056,1.439013394584916,0.0,0.501303962652915,2.8983855414582056,True,True,False,False,2,True,LOCAL_RETURN_SHOCK
2021-12-31,13.2844,0.008640456774938,0.2086176465236457,0.0244746895571936,0.0586583722588547,0.0404919448120843,-0.0041974019509918,0.1594390011042157,-0.1951141190085248,0.008640456774938,0.1496008461439752,0.6044335403195908,0.1389301229346791,0.0374002115359938,0.3022167701597954,2.778602458693582,0.21601141937345,2.778602458693582,False,False,True,False,1,True,DRAWDOWN_SHIFT
2019-03-22,5.7627,0.0544353363097416,0.0580167808030549,0.0249014937165445,0.0127868140055803,0.0105950567944255,0.0613234912233204,0.03130929611065,0.0,0.0544353363097416,11.000744435631931,2.350293556675054,0.0062761124591778,2.750186108907983,1.175146778337527,0.125522249183556,1.36088340774354,2.750186108907983,True,True,False,True,3,True,LOCAL_RETURN_SHOCK
2022-03-11,14.7786,-0.0064873513455371,0.0389612215629482,0.0083423866569826,0.0078637226262912,0.0323762116203677,0.0527016857288069,0.0400388049440372,-0.0064873513455371,0.0064873513455371,-1.5033939354198664,0.2576702535430195,0.1316732938040264,0.3758484838549666,0.12883512677150974,2.633465876080528,0.1621837836384275,2.633465876080528,False,False,True,False,1,True,DRAWDOWN_SHIFT
2018-08-17,6.014,0.0320919855843486,-0.0643329443796187,0.0618660817658923,0.0491662720028096,0.030476176577283,0.1141978710928273,0.1449770478727918,-0.1263038614638114,0.0320919855843486,0.4346841057016082,2.0299817337325505,-0.1263038614638114,0.10867102642540205,1.0149908668662753,2.5260772292762277,0.802299639608715,2.5260772292762277,False,True,True,False,2,True,DRAWDOWN_SHIFT
2022-03-14,14.7808,0.000148863897798,0.0269507882358663,0.0085276190057873,0.0079019508094087,0.0214705893042455,0.0484297989045989,0.0438341893719909,-0.0063394531801467,0.000148863897798,-0.5609943634190216,0.3971767558378608,0.1216119788361879,0.1402485908547554,0.1985883779189304,2.432239576723758,0.00372159744495,2.432239576723758,False,False,True,False,1,True,DRAWDOWN_SHIFT
2018-08-15,5.9905,-0.0572674052624953,0.1345643939393939,0.097160505705451,0.0482866131294952,0.0301459427134748,0.1333794971923292,0.1235782606338824,-0.1297178719818694,0.0572674052624953,-1.584332324857634,3.223004389974564,-0.1203184235662675,0.3960830812144085,1.611502194987282,2.40636847132535,1.4316851315623824,2.40636847132535,False,True,True,True,3,True,DRAWDOWN_SHIFT
2018-08-20,6.0808,0.011107416029265,-0.1165993549699276,0.045522124147113,0.0488545927687897,0.0302085345832083,0.1127478877956034,0.1584845301706456,-0.1165993549699276,0.011107416029265,-0.0286813826642138,1.506929242851022,-0.1165993549699276,0.00717034566605345,0.753464621425511,2.331987099398552,0.277685400731625,2.331987099398552,False,False,True,False,1,True,DRAWDOWN_SHIFT
2021-12-30,13.1706,0.0396747710767289,0.1665928537263725,0.037078443021907,0.0586296820580699,0.0404922086007653,-0.0143415379238579,0.1821252046919692,-0.2020091246735778,0.0396747710767289,0.6931799906619666,0.9156932729326652,0.1139554187595048,0.17329499766549164,0.4578466364663326,2.279108375190096,0.9918692769182225,2.279108375190096,False,False,True,False,1,True,DRAWDOWN_SHIFT
2021-12-27,11.567,0.0523682151500264,-0.1391679690407085,0.0499228960221556,0.0580802163768853,0.0393330322486776,-0.143958159262118,0.2608236201421017,-0.2991693275248868,0.0523682151500264,0.9861104928732746,1.2692358856679309,-0.1133010596981465,0.24652762321831864,0.6346179428339654,2.2660211939629296,1.30920537875066,2.2660211939629296,False,False,True,True,2,True,DRAWDOWN_SHIFT
2022-03-15,14.7037,-0.0052162264559427,0.014020302888196,0.0095676134507396,0.0081527080670549,0.0195961812843975,0.0389229574579783,0.047581791265729,-0.011522611612695,0.0052162264559427,-1.1942185125732414,0.4882386681305782,0.1099155241910456,0.29855462814331035,0.2441193340652891,2.198310483820912,0.1304056613985675,2.198310483820912,False,False,True,False,1,True,DRAWDOWN_SHIFT
2020-11-09,8.0525,-0.0547932341859072,-0.0459123222748814,0.0262441531187793,0.0148141714263684,0.0096830592716544,-0.0093559121860602,0.0532818562836618,-0.0547932341859072,0.0547932341859072,-8.664574080714766,2.710316273246911,-0.0547932341859072,2.1661435201786916,1.3551581366234555,1.095864683718144,1.36983085464768,2.1661435201786916,True,True,True,True,4,True,LOCAL_RETURN_SHOCK
2021-03-22,7.7886,0.0797853904701169,0.0339718825918993,0.0415062682009733,0.0225167529809325,0.0142944220391006,0.0459108479376475,0.0465638239338785,0.0,0.0797853904701169,5.497349061485446,2.9036688638014256,0.0274614609962041,1.3743372653713615,1.4518344319007128,0.5492292199240819,1.9946347617529225,1.9946347617529225,True,True,False,True,3,True,LARGE_ABSOLUTE_RETURN
2020-11-13,7.6804,-0.0010924981791696,-0.0984705316164473,0.0286869697905605,0.0184330740704641,0.0114988981648963,-0.0529354389625249,0.0400385252177299,-0.0984705316164473,0.0010924981791696,0.016296948969788,2.49475813936119,-0.0984705316164473,0.004074237242447,1.247379069680595,1.9694106323289458,0.027312454479240002,1.9694106323289458,False,True,True,False,2,True,DRAWDOWN_SHIFT
