Date,USDTRY,,,Retrun_5D,Retrun_20D,Volatility_5D,Volatility_20D,Volatility_6D,MA_Distance_20D,MA_Distance_50D,MA_Slope_20D,Drawdown_60D
1/2/2017,3.5445,,,,,,,,,,,
1/3/2017,3.5943,,,,,,,,,,,
1/4/2017,3.5713,,,,,,,,,,,
1/5/2017,3.5927,,,,,,,,,,,
1/6/2017,3.6445,,,,,,,,,,,
1/9/2017,3.7129,,,,,,,,,,,
1/10/2017,3.7885,,,,,,,,,,,
1/11/2017,3.8647,,,,,,,,,,,
1/12/2017,3.7597,,,,,,,,,,,
1/13/2017,3.723,,,,,,,,,,,
1/16/2017,3.8042,,,,,,,,,,,
1/17/2017,3.761,,,,,,,,,,,
1/18/2017,3.7966,,,,,,,,,,,
1/19/2017,3.8273,,,,,,,,,,,
1/20/2017,3.7655,,,,,,,,,,,
1/23/2017,3.7573,,,,,,,,,,,
1/24/2017,3.7833,,,,,,,,,,,
1/25/2017,3.8313,,,,,,,,,,,
1/26/2017,3.844,,,,,,,,,,,
1/27/2017,3.8775,,,,,,,,,,,
1/30/2017,3.7818,,,,,,,,,,,
1/31/2017,3.7734,,,,,,,,,,,
2/1/2017,3.7705,,,,,,,,,,,
2/2/2017,3.7371,,,,,,,,,,,
2/3/2017,3.6976,,,,,,,,,,,
2/6/2017,3.6839,,,,,,,,,,,
2/7/2017,3.7451,,,,,,,,,,,
2/8/2017,3.7178,,,,,,,,,,,
2/9/2017,3.6831,,,,,,,,,,,
2/10/2017,3.6953,,,,,,,,,,,
2/13/2017,3.6717,,,,,,,,,,,
2/14/2017,3.6503,,,,,,,,,,,
2/15/2017,3.6601,,,,,,,,,,,
2/16/2017,3.6666,,,,,,,,,,,
2/17/2017,3.629,,,,,,,,,,,
2/20/2017,3.6245,,,,,,,,,,,
2/21/2017,3.6203,,,,,,,,,,,
2/22/2017,3.5802,,,,,,,,,,,
2/23/2017,3.5691,,,,,,,,,,,
2/24/2017,3.607,,,,,,,,,,,
2/27/2017,3.6072,,,,,,,,,,,
2/28/2017,3.6472,,,,,,,,,,,
3/1/2017,3.6543,,,,,,,,,,,
3/2/2017,3.728,,,,,,,,,,,
3/3/2017,3.7029,,,,,,,,,,,
3/6/2017,3.7132,,,,,,,,,,,
3/7/2017,3.6807,,,,,,,,,,,
3/8/2017,3.7467,,,,,,,,,,,
3/9/2017,3.7747,,,,,,,,,,,
3/10/2017,3.7299,,,,,,,,,,,
3/13/2017,3.7418,,,,,,,,,,,
3/14/2017,3.7426,,,,,,,,,,,
3/15/2017,3.6754,,,,,,,,,,,
3/16/2017,3.6256,,,,,,,,,,,
3/17/2017,3.6344,,,,,,,,,,,
3/20/2017,3.616,,,,,,,,,,,
3/21/2017,3.6329,,,,,,,,,,,
3/22/2017,3.6184,,,,,,,,,,,
3/23/2017,3.6348,,,,,,,,,,,
3/24/2017,3.6108,,,,,,,,,,,
3/27/2017,3.6166,,,,,,,,,,,
3/28/2017,3.6582,,,,,,,,,,,
3/29/2017,3.6459,,,,,,,,,,,
3/30/2017,3.652,,,,,,,,,,,
3/31/2017,3.6352,,,,,,,,,,,
4/3/2017,3.6449,,,,,,,,,,,
4/4/2017,3.679,,,,,,,,,,,
4/5/2017,3.6991,,,,,,,,,,,
4/6/2017,3.7111,,,,,,,,,,,
4/7/2017,3.7299,,,,,,,,,,,
4/10/2017,3.7294,,,,,,,,,,,
4/11/2017,3.6972,,,,,,,,,,,
4/12/2017,3.6492,,,,,,,,,,,
4/13/2017,3.6633,,,,,,,,,,,
4/14/2017,3.7327,,,,,,,,,,,
4/17/2017,3.7011,,,,,,,,,,,
4/18/2017,3.6608,,,,,,,,,,,
4/19/2017,3.673,,,,,,,,,,,
4/20/2017,3.6415,,,,,,,,,,,
4/21/2017,3.6401,,,,,,,,,,,
4/24/2017,3.573,,,,,,,,,,,
4/25/2017,3.5797,,,,,,,,,,,
4/26/2017,3.5783,,,,,,,,,,,
4/27/2017,3.5612,,,,,,,,,,,
4/28/2017,3.5516,,,,,,,,,,,
5/1/2017,3.5545,,,,,,,,,,,
5/2/2017,3.5273,,,,,,,,,,,
5/3/2017,3.5349,,,,,,,,,,,
5/4/2017,3.554,,,,,,,,,,,
5/5/2017,3.5441,,,,,,,,,,,
5/8/2017,3.5851,,,,,,,,,,,
5/9/2017,3.6239,,,,,,,,,,,
5/10/2017,3.5874,,,,,,,,,,,
5/11/2017,3.5758,,,,,,,,,,,
5/12/2017,3.5731,,,,,,,,,,,
5/15/2017,3.5483,,,,,,,,,,,
5/16/2017,3.5392,,,,,,,,,,,
5/17/2017,3.5681,,,,,,,,,,,
5/18/2017,3.6251,,,,,,,,,,,
5/19/2017,3.5753,,,,,,,,,,,
5/22/2017,3.5593,,,,,,,,,,,
5/23/2017,3.5704,,,,,,,,,,,
5/24/2017,3.5604,,,,,,,,,,,
5/25/2017,3.5667,,,,,,,,,,,
5/26/2017,3.5777,,,,,,,,,,,
5/29/2017,3.5772,,,,,,,,,,,
5/30/2017,3.5491,,,,,,,,,,,
5/31/2017,3.527,,,,,,,,,,,
6/1/2017,3.5246,,,,,,,,,,,
6/2/2017,3.5098,,,,,,,,,,,
6/5/2017,3.5237,,,,,,,,,,,
6/6/2017,3.5151,,,,,,,,,,,
6/7/2017,3.5503,,,,,,,,,,,
6/8/2017,3.5244,,,,,,,,,,,
6/9/2017,3.5373,,,,,,,,,,,
6/12/2017,3.5164,,,,,,,,,,,
6/13/2017,3.5198,,,,,,,,,,,
6/14/2017,3.4878,,,,,,,,,,,
6/15/2017,3.513,,,,,,,,,,,
6/16/2017,3.5027,,,,,,,,,,,
6/19/2017,3.5228,,,,,,,,,,,
6/20/2017,3.5444,,,,,,,,,,,
6/21/2017,3.531,,,,,,,,,,,
6/22/2017,3.5077,,,,,,,,,,,
6/23/2017,3.5088,,,,,,,,,,,
6/26/2017,3.5008,,,,,,,,,,,
6/27/2017,3.5263,,,,,,,,,,,
6/28/2017,3.5128,,,,,,,,,,,
6/29/2017,3.5265,,,,,,,,,,,
6/30/2017,3.5212,,,,,,,,,,,
7/3/2017,3.5571,,,,,,,,,,,
7/4/2017,3.5594,,,,,,,,,,,
7/5/2017,3.6062,,,,,,,,,,,
7/6/2017,3.6212,,,,,,,,,,,
7/7/2017,3.6182,,,,,,,,,,,
7/10/2017,3.6083,,,,,,,,,,,
7/11/2017,3.6139,,,,,,,,,,,
7/12/2017,3.5672,,,,,,,,,,,
7/13/2017,3.5657,,,,,,,,,,,
7/14/2017,3.5381,,,,,,,,,,,
7/17/2017,3.5284,,,,,,,,,,,
7/18/2017,3.5231,,,,,,,,,,,
7/19/2017,3.522,,,,,,,,,,,
7/20/2017,3.5264,,,,,,,,,,,
7/21/2017,3.5364,,,,,,,,,,,
7/24/2017,3.5567,,,,,,,,,,,
7/25/2017,3.5724,,,,,,,,,,,
7/26/2017,3.5385,,,,,,,,,,,
7/27/2017,3.5363,,,,,,,,,,,
7/28/2017,3.5279,,,,,,,,,,,
7/31/2017,3.5193,,,,,,,,,,,
8/1/2017,3.5271,,,,,,,,,,,
8/2/2017,3.5305,,,,,,,,,,,
8/3/2017,3.5396,,,,,,,,,,,
8/4/2017,3.528,,,,,,,,,,,
8/7/2017,3.5291,,,,,,,,,,,
8/8/2017,3.5338,,,,,,,,,,,
8/9/2017,3.5376,,,,,,,,,,,
8/10/2017,3.5418,,,,,,,,,,,
8/11/2017,3.5369,,,,,,,,,,,
8/14/2017,3.5257,,,,,,,,,,,
8/15/2017,3.5352,,,,,,,,,,,
8/16/2017,3.5156,,,,,,,,,,,
8/17/2017,3.5254,,,,,,,,,,,
8/18/2017,3.5185,,,,,,,,,,,
8/21/2017,3.497,,,,,,,,,,,
8/22/2017,3.4944,,,,,,,,,,,
8/23/2017,3.4787,,,,,,,,,,,
8/24/2017,3.4838,,,,,,,,,,,
8/25/2017,3.4389,,,,,,,,,,,
8/28/2017,3.4441,,,,,,,,,,,
8/29/2017,3.4465,,,,,,,,,,,
8/30/2017,3.4517,,,,,,,,,,,
8/31/2017,3.4527,,,,,,,,,,,
9/1/2017,3.4284,,,,,,,,,,,
9/4/2017,3.4348,,,,,,,,,,,
9/5/2017,3.4375,,,,,,,,,,,
9/6/2017,3.4257,,,,,,,,,,,
9/7/2017,3.4045,,,,,,,,,,,
9/8/2017,3.4117,,,,,,,,,,,
9/11/2017,3.406,,,,,,,,,,,
9/12/2017,3.4331,,,,,,,,,,,
9/13/2017,3.4579,,,,,,,,,,,
9/14/2017,3.4331,,,,,,,,,,,
9/15/2017,3.4376,,,,,,,,,,,
9/18/2017,3.4895,,,,,,,,,,,
9/19/2017,3.4887,,,,,,,,,,,
9/20/2017,3.503,,,,,,,,,,,
9/21/2017,3.5023,,,,,,,,,,,
9/22/2017,3.4962,,,,,,,,,,,
9/25/2017,3.5494,,,,,,,,,,,
9/26/2017,3.5424,,,,,,,,,,,
9/27/2017,3.5774,,,,,,,,,,,
9/28/2017,3.5603,,,,,,,,,,,
9/29/2017,3.5637,,,,,,,,,,,
10/2/2017,3.5635,,,,,,,,,,,
10/3/2017,3.5718,,,,,,,,,,,
10/4/2017,3.5723,,,,,,,,,,,
10/5/2017,3.5836,,,,,,,,,,,
10/6/2017,3.6149,,,,,,,,,,,
10/9/2017,3.7011,,,,,,,,,,,
10/10/2017,3.7114,,,,,,,,,,,
10/11/2017,3.6484,,,,,,,,,,,
10/12/2017,3.654,,,,,,,,,,,
10/13/2017,3.6349,,,,,,,,,,,
10/16/2017,3.6463,,,,,,,,,,,
10/17/2017,3.6663,,,,,,,,,,,
10/18/2017,3.6768,,,,,,,,,,,
10/19/2017,3.6456,,,,,,,,,,,
10/20/2017,3.6714,,,,,,,,,,,
10/23/2017,3.7163,,,,,,,,,,,
10/24/2017,3.7414,,,,,,,,,,,
10/25/2017,3.7668,,,,,,,,,,,
10/26/2017,3.8203,,,,,,,,,,,
10/27/2017,3.7885,,,,,,,,,,,
10/30/2017,3.7798,,,,,,,,,,,
10/31/2017,3.792,,,,,,,,,,,
11/1/2017,3.813,,,,,,,,,,,
11/2/2017,3.7975,,,,,,,,,,,
11/3/2017,3.8864,,,,,,,,,,,
11/6/2017,3.828,,,,,,,,,,,
11/7/2017,3.8844,,,,,,,,,,,
11/8/2017,3.8665,,,,,,,,,,,
11/9/2017,3.8647,,,,,,,,,,,
11/10/2017,3.8636,,,,,,,,,,,
11/13/2017,3.8706,,,,,,,,,,,
11/14/2017,3.886,,,,,,,,,,,
11/15/2017,3.8811,,,,,,,,,,,
11/16/2017,3.8629,,,,,,,,,,,
11/17/2017,3.8773,,,,,,,,,,,
11/20/2017,3.9285,,,,,,,,,,,
11/21/2017,3.9566,,,,,,,,,,,
11/22/2017,3.9184,,,,,,,,,,,
11/23/2017,3.9201,,,,,,,,,,,
11/24/2017,3.9437,,,,,,,,,,,
11/27/2017,3.9062,,,,,,,,,,,
11/28/2017,3.9645,,,,,,,,,,,
11/29/2017,3.9613,,,,,,,,,,,
11/30/2017,3.919,,,,,,,,,,,
12/1/2017,3.9131,,,,,,,,,,,
12/4/2017,3.8742,,,,,,,,,,,
12/5/2017,3.8444,,,,,,,,,,,
12/6/2017,3.8506,,,,,,,,,,,
12/7/2017,3.8631,,,,,,,,,,,
12/8/2017,3.8388,,,,,,,,,,,
12/11/2017,3.8367,,,,,,,,,,,
12/12/2017,3.8479,,,,,,,,,,,
12/13/2017,3.8119,,,,,,,,,,,
12/14/2017,3.8869,,,,,,,,,,,
12/15/2017,3.8617,,,,,,,,,,,
12/18/2017,3.83,,,,,,,,,,,
12/19/2017,3.8336,,,,,,,,,,,
12/20/2017,3.8203,,,,,,,,,,,
12/21/2017,3.8175,,,,,,,,,,,
12/22/2017,3.8157,,,,,,,,,,,
12/25/2017,3.8074,,,,,,,,,,,
12/26/2017,3.812,,,,,,,,,,,
12/27/2017,3.8156,,,,,,,,,,,
12/28/2017,3.7749,,,,,,,,,,,
12/29/2017,3.79,,,,,,,,,,,
1/1/2018,3.7875,,,,,,,,,,,
1/2/2018,3.7667,,,,,,,,,,,
1/3/2018,3.7812,,,,,,,,,,,
1/4/2018,3.748,,,,,,,,,,,
1/5/2018,3.7367,,,,,,,,,,,
1/8/2018,3.7443,,,,,,,,,,,
1/9/2018,3.7679,,,,,,,,,,,
1/10/2018,3.7994,,,,,,,,,,,
1/11/2018,3.7741,,,,,,,,,,,
1/12/2018,3.7483,,,,,,,,,,,
1/15/2018,3.8007,,,,,,,,,,,
1/16/2018,3.798,,,,,,,,,,,
1/17/2018,3.8182,,,,,,,,,,,
1/18/2018,3.7701,,,,,,,,,,,
1/19/2018,3.8065,,,,,,,,,,,
1/22/2018,3.775,,,,,,,,,,,
1/23/2018,3.7673,,,,,,,,,,,
1/24/2018,3.7384,,,,,,,,,,,
1/25/2018,3.7525,,,,,,,,,,,
1/26/2018,3.7548,,,,,,,,,,,
1/29/2018,3.7934,,,,,,,,,,,
1/30/2018,3.781,,,,,,,,,,,
1/31/2018,3.7555,,,,,,,,,,,
2/1/2018,3.7315,,,,,,,,,,,
2/2/2018,3.7734,,,,,,,,,,,
2/5/2018,3.79,,,,,,,,,,,
2/6/2018,3.7695,,,,,,,,,,,
2/7/2018,3.8047,,,,,,,,,,,
2/8/2018,3.8216,,,,,,,,,,,
2/9/2018,3.8226,,,,,,,,,,,
2/12/2018,3.7997,,,,,,,,,,,
2/13/2018,3.8106,,,,,,,,,,,
2/14/2018,3.7824,,,,,,,,,,,
2/15/2018,3.7644,,,,,,,,,,,
2/16/2018,3.7474,,,,,,,,,,,
2/19/2018,3.7573,,,,,,,,,,,
2/20/2018,3.7984,,,,,,,,,,,
2/21/2018,3.7891,,,,,,,,,,,
2/22/2018,3.7843,,,,,,,,,,,
2/23/2018,3.7905,,,,,,,,,,,
2/26/2018,3.7864,,,,,,,,,,,
2/27/2018,3.8155,,,,,,,,,,,
2/28/2018,3.7988,,,,,,,,,,,
3/1/2018,3.8056,,,,,,,,,,,
3/2/2018,3.8071,,,,,,,,,,,
3/5/2018,3.8084,,,,,,,,,,,
3/6/2018,3.7942,,,,,,,,,,,
3/7/2018,3.8027,,,,,,,,,,,
3/8/2018,3.8236,,,,,,,,,,,
3/9/2018,3.8111,,,,,,,,,,,
3/12/2018,3.8438,,,,,,,,,,,
3/13/2018,3.8733,,,,,,,,,,,
3/14/2018,3.8796,,,,,,,,,,,
3/15/2018,3.8956,,,,,,,,,,,
3/16/2018,3.9196,,,,,,,,,,,
3/19/2018,3.9362,,,,,,,,,,,
3/20/2018,3.9339,,,,,,,,,,,
3/21/2018,3.9085,,,,,,,,,,,
3/22/2018,3.9343,,,,,,,,,,,
3/23/2018,3.9824,,,,,,,,,,,
3/26/2018,3.9657,,,,,,,,,,,
3/27/2018,3.9819,,,,,,,,,,,
3/28/2018,4.0103,,,,,,,,,,,
3/29/2018,3.9422,,,,,,,,,,,
3/30/2018,3.9552,,,,,,,,,,,
4/2/2018,3.9735,,,,,,,,,,,
4/3/2018,3.9887,,,,,,,,,,,
4/4/2018,3.9991,,,,,,,,,,,
4/5/2018,4.0515,,,,,,,,,,,
4/6/2018,4.0449,,,,,,,,,,,
4/9/2018,4.0737,,,,,,,,,,,
4/10/2018,4.1121,,,,,,,,,,,
4/11/2018,4.136,,,,,,,,,,,
4/12/2018,4.1102,,,,,,,,,,,
4/13/2018,4.0969,,,,,,,,,,,
4/16/2018,4.0963,,,,,,,,,,,
4/17/2018,4.0976,,,,,,,,,,,
4/18/2018,4.0086,,,,,,,,,,,
4/19/2018,4.0403,,,,,,,,,,,
4/20/2018,4.0766,,,,,,,,,,,
4/23/2018,4.1079,,,,,,,,,,,
4/24/2018,4.086,,,,,,,,,,,
4/25/2018,4.0809,,,,,,,,,,,
4/26/2018,4.0664,,,,,,,,,,,
4/27/2018,4.0422,,,,,,,,,,,
4/30/2018,4.0617,,,,,,,,,,,
5/1/2018,4.103,,,,,,,,,,,
5/2/2018,4.1771,,,,,,,,,,,
5/3/2018,4.2131,,,,,,,,,,,
5/4/2018,4.226,,,,,,,,,,,
5/7/2018,4.2669,,,,,,,,,,,
5/8/2018,4.3327,,,,,,,,,,,
5/9/2018,4.2876,,,,,,,,,,,
5/10/2018,4.2352,,,,,,,,,,,
5/11/2018,4.3136,,,,,,,,,,,
5/14/2018,4.3674,,,,,,,,,,,
5/15/2018,4.445,,,,,,,,,,,
5/16/2018,4.4139,,,,,,,,,,,
5/17/2018,4.4606,,,,,,,,,,,
5/18/2018,4.4917,,,,,,,,,,,
5/21/2018,4.5749,,,,,,,,,,,
5/22/2018,4.6691,,,,,,,,,,,
5/23/2018,4.5762,,,,,,,,,,,
5/24/2018,4.7073,,,,,,,,,,,
5/25/2018,4.7081,,,,,,,,,,,
5/28/2018,4.5822,,,,,,,,,,,
5/29/2018,4.5488,,,,,,,,,,,
5/30/2018,4.465,,,,,,,,,,,
5/31/2018,4.5245,,,,,,,,,,,
6/1/2018,4.6508,,,,,,,,,,,
6/4/2018,4.5921,,,,,,,,,,,
6/5/2018,4.5985,,,,,,,,,,,
6/6/2018,4.5554,,,,,,,,,,,
6/7/2018,4.4844,,,,,,,,,,,
6/8/2018,4.474,,,,,,,,,,,
6/11/2018,4.524,,,,,,,,,,,
6/12/2018,4.5976,,,,,,,,,,,
6/13/2018,4.6452,,,,,,,,,,,
6/14/2018,4.7259,,,,,,,,,,,
6/15/2018,4.7301,,,,,,,,,,,
6/18/2018,4.7042,,,,,,,,,,,
6/19/2018,4.7402,,,,,,,,,,,
6/20/2018,4.7327,,,,,,,,,,,
6/21/2018,4.7225,,,,,,,,,,,
6/22/2018,4.6773,,,,,,,,,,,
6/25/2018,4.681,,,,,,,,,,,
6/26/2018,4.6155,,,,,,,,,,,
6/27/2018,4.6225,,,,,,,,,,,
6/28/2018,4.5853,,,,,,,,,,,
6/29/2018,4.5872,,,,,,,,,,,
7/2/2018,4.6161,,,,,,,,,,,
7/3/2018,4.6705,,,,,,,,,,,
7/4/2018,4.6667,,,,,,,,,,,
7/5/2018,4.5925,,,,,,,,,,,
7/6/2018,4.5704,,,,,,,,,,,
7/9/2018,4.7338,,,,,,,,,,,
7/10/2018,4.7077,,,,,,,,,,,
7/11/2018,4.8762,,,,,,,,,,,
7/12/2018,4.8552,,,,,,,,,,,
7/13/2018,4.8552,,,,,,,,,,,
7/16/2018,4.8463,,,,,,,,,,,
7/17/2018,4.8065,,,,,,,,,,,
7/18/2018,4.7953,,,,,,,,,,,
7/19/2018,4.8066,,,,,,,,,,,
7/20/2018,4.7927,,,,,,,,,,,
7/23/2018,4.7395,,,,,,,,,,,
7/24/2018,4.8861,,,,,,,,,,,
7/25/2018,4.7728,,,,,,,,,,,
7/26/2018,4.8649,,,,,,,,,,,
7/27/2018,4.8529,,,,,,,,,,,
7/30/2018,4.8823,,,,,,,,,,,
7/31/2018,4.9142,,,,,,,,,,,
8/1/2018,4.995,,,,,,,,,,,
8/2/2018,5.066,,,,,,,,,,,
8/3/2018,5.0815,,,,,,,,,,,
8/6/2018,5.3301,,,,,,,,,,,
8/7/2018,5.2443,,,,,,,,,,,
8/8/2018,5.28,,,,,,,,,,,
8/9/2018,5.5457,,,,,,,,,,,
8/10/2018,6.4275,,,,,,,,,,,
8/13/2018,6.8834,,,,,,,,,,,
8/14/2018,6.3544,,,,,,,,,,,
8/15/2018,5.9905,,,,,,,,,,,
8/16/2018,5.827,,,,,,,,,,,
8/17/2018,6.014,,,,,,,,,,,
8/20/2018,6.0808,,,,,,,,,,,
8/21/2018,6.0758,,,,,,,,,,,
8/22/2018,6.0512,,,,,,,,,,,
8/23/2018,6.1247,,,,,,,,,,,
8/24/2018,6.0068,,,,,,,,,,,
8/27/2018,6.1217,,,,,,,,,,,
8/28/2018,6.273,,,,,,,,,,,
8/29/2018,6.4752,,,,,,,,,,,
8/30/2018,6.6519,,,,,,,,,,,
8/31/2018,6.538,,,,,,,,,,,
9/3/2018,6.634,,,,,,,,,,,
9/4/2018,6.6711,,,,,,,,,,,
9/5/2018,6.6011,,,,,,,,,,,
9/6/2018,6.5827,,,,,,,,,,,
9/7/2018,6.397,,,,,,,,,,,
9/10/2018,6.4616,,,,,,,,,,,
9/11/2018,6.4302,,,,,,,,,,,
9/12/2018,6.342,,,,,,,,,,,
9/13/2018,6.0812,,,,,,,,,,,
9/14/2018,6.1703,,,,,,,,,,,
9/17/2018,6.3144,,,,,,,,,,,
9/18/2018,6.3846,,,,,,,,,,,
9/19/2018,6.2493,,,,,,,,,,,
9/20/2018,6.196,,,,,,,,,,,
9/21/2018,6.2937,,,,,,,,,,,
9/24/2018,6.1524,,,,,,,,,,,
9/25/2018,6.1618,,,,,,,,,,,
9/26/2018,6.107,,,,,,,,,,,
9/27/2018,6.008,,,,,,,,,,,
9/28/2018,6.056,,,,,,,,,,,
10/1/2018,5.936,,,,,,,,,,,
10/2/2018,5.9846,,,,,,,,,,,
10/3/2018,6.0458,,,,,,,,,,,
10/4/2018,6.1627,,,,,,,,,,,
10/5/2018,6.1333,,,,,,,,,,,
10/8/2018,6.1106,,,,,,,,,,,
10/9/2018,6.1011,,,,,,,,,,,
10/10/2018,6.076,,,,,,,,,,,
10/11/2018,5.9258,,,,,,,,,,,
10/12/2018,5.8721,,,,,,,,,,,
10/15/2018,5.7867,,,,,,,,,,,
10/16/2018,5.6856,,,,,,,,,,,
10/17/2018,5.5835,,,,,,,,,,,
10/18/2018,5.6425,,,,,,,,,,,
10/19/2018,5.6425,,,,,,,,,,,
10/22/2018,5.6689,,,,,,,,,,,
10/23/2018,5.737,,,,,,,,,,,
10/24/2018,5.7023,,,,,,,,,,,
10/25/2018,5.6345,,,,,,,,,,,
10/26/2018,5.5929,,,,,,,,,,,
10/29/2018,5.5611,,,,,,,,,,,
10/30/2018,5.4746,,,,,,,,,,,
10/31/2018,5.5835,,,,,,,,,,,
11/1/2018,5.5118,,,,,,,,,,,
11/2/2018,5.4296,,,,,,,,,,,
11/5/2018,5.3134,,,,,,,,,,,
11/6/2018,5.356,,,,,,,,,,,
11/7/2018,5.3612,,,,,,,,,,,
11/8/2018,5.4583,,,,,,,,,,,
11/9/2018,5.4606,,,,,,,,,,,
11/12/2018,5.4685,,,,,,,,,,,
11/13/2018,5.4776,,,,,,,,,,,
11/14/2018,5.4624,,,,,,,,,,,
11/15/2018,5.3481,,,,,,,,,,,
11/16/2018,5.3318,,,,,,,,,,,
11/19/2018,5.3075,,,,,,,,,,,
11/20/2018,5.3776,,,,,,,,,,,
11/21/2018,5.308,,,,,,,,,,,
11/22/2018,5.296,,,,,,,,,,,
11/23/2018,5.2875,,,,,,,,,,,
11/26/2018,5.2477,,,,,,,,,,,
11/27/2018,5.2716,,,,,,,,,,,
11/28/2018,5.2219,,,,,,,,,,,
11/29/2018,5.1631,,,,,,,,,,,
11/30/2018,5.2128,,,,,,,,,,,
12/3/2018,5.2501,,,,,,,,,,,
12/4/2018,5.3875,,,,,,,,,,,
12/5/2018,5.3262,,,,,,,,,,,
12/6/2018,5.3386,,,,,,,,,,,
12/7/2018,5.3029,,,,,,,,,,,
12/10/2018,5.3248,,,,,,,,,,,
12/11/2018,5.3653,,,,,,,,,,,
12/12/2018,5.3482,,,,,,,,,,,
12/13/2018,5.3392,,,,,,,,,,,
12/14/2018,5.3635,,,,,,,,,,,
12/17/2018,5.3686,,,,,,,,,,,
12/18/2018,5.345,,,,,,,,,,,
12/19/2018,5.2861,,,,,,,,,,,
12/20/2018,5.2649,,,,,,,,,,,
12/21/2018,5.3181,,,,,,,,,,,
12/24/2018,5.289,,,,,,,,,,,
12/25/2018,5.3101,,,,,,,,,,,
12/26/2018,5.2766,,,,,,,,,,,
12/27/2018,5.285,,,,,,,,,,,
12/28/2018,5.2725,,,,,,,,,,,
12/31/2018,5.2887,,,,,,,,,,,
1/1/2019,5.2933,,,,,,,,,,,
1/2/2019,5.4003,,,,,,,,,,,
1/3/2019,5.4664,,,,,,,,,,,
1/4/2019,5.3311,,,,,,,,,,,
1/7/2019,5.3848,,,,,,,,,,,
1/8/2019,5.4811,,,,,,,,,,,
1/9/2019,5.4768,,,,,,,,,,,
1/10/2019,5.4168,,,,,,,,,,,
1/11/2019,5.455,,,,,,,,,,,
1/14/2019,5.4447,,,,,,,,,,,
1/15/2019,5.4466,,,,,,,,,,,
1/16/2019,5.3363,,,,,,,,,,,
1/17/2019,5.348,,,,,,,,,,,
1/18/2019,5.3283,,,,,,,,,,,
1/21/2019,5.3247,,,,,,,,,,,
1/22/2019,5.3435,,,,,,,,,,,
1/23/2019,5.286,,,,,,,,,,,
1/24/2019,5.265,,,,,,,,,,,
1/25/2019,5.2688,,,,,,,,,,,
1/28/2019,5.3279,,,,,,,,,,,
1/29/2019,5.3098,,,,,,,,,,,
1/30/2019,5.2252,,,,,,,,,,,
1/31/2019,5.1645,,,,,,,,,,,
2/1/2019,5.2084,,,,,,,,,,,
2/4/2019,5.2182,,,,,,,,,,,
2/5/2019,5.1985,,,,,,,,,,,
2/6/2019,5.2168,,,,,,,,,,,
2/7/2019,5.2668,,,,,,,,,,,
2/8/2019,5.2474,,,,,,,,,,,
2/11/2019,5.2779,,,,,,,,,,,
2/12/2019,5.2516,,,,,,,,,,,
2/13/2019,5.285,,,,,,,,,,,
2/14/2019,5.2729,,,,,,,,,,,
2/15/2019,5.2714,,,,,,,,,,,
2/18/2019,5.3083,,,,,,,,,,,
2/19/2019,5.2828,,,,,,,,,,,
2/20/2019,5.3244,,,,,,,,,,,
2/21/2019,5.3214,,,,,,,,,,,
2/22/2019,5.3186,,,,,,,,,,,
2/25/2019,5.3026,,,,,,,,,,,
2/26/2019,5.3066,,,,,,,,,,,
2/27/2019,5.3136,,,,,,,,,,,
2/28/2019,5.3371,,,,,,,,,,,
3/1/2019,5.3742,,,,,,,,,,,
3/4/2019,5.3769,,,,,,,,,,,
3/5/2019,5.387,,,,,,,,,,,
3/6/2019,5.4288,,,,,,,,,,,
3/7/2019,5.4712,,,,,,,,,,,
3/8/2019,5.4303,,,,,,,,,,,
3/11/2019,5.4455,,,,,,,,,,,
3/12/2019,5.4572,,,,,,,,,,,
3/13/2019,5.4564,,,,,,,,,,,
3/14/2019,5.4671,,,,,,,,,,,
3/15/2019,5.4467,,,,,,,,,,,
3/18/2019,5.4683,,,,,,,,,,,
3/19/2019,5.4764,,,,,,,,,,,
3/20/2019,5.4208,,,,,,,,,,,
3/21/2019,5.4652,,,,,,,,,,,
3/22/2019,5.7627,,,,,,,,,,,
3/25/2019,5.5503,,,,,,,,,,,
3/26/2019,5.3279,,,,,,,,,,,
3/27/2019,5.3278,,,,,,,,,,,
3/28/2019,5.561,,,,,,,,,,,
3/29/2019,5.5555,,,,,,,,,,,
4/1/2019,5.4863,,,,,,,,,,,
4/2/2019,5.605,,,,,,,,,,,
4/3/2019,5.626,,,,,,,,,,,
4/4/2019,5.5925,,,,,,,,,,,
4/5/2019,5.6262,,,,,,,,,,,
4/8/2019,5.6903,,,,,,,,,,,
4/9/2019,5.6943,,,,,,,,,,,
4/10/2019,5.6818,,,,,,,,,,,
4/11/2019,5.7388,,,,,,,,,,,
4/12/2019,5.7693,,,,,,,,,,,
4/15/2019,5.8041,,,,,,,,,,,
4/16/2019,5.7703,,,,,,,,,,,
4/17/2019,5.7387,,,,,,,,,,,
4/18/2019,5.8018,,,,,,,,,,,
4/19/2019,5.8112,,,,,,,,,,,
4/22/2019,5.8272,,,,,,,,,,,
4/23/2019,5.8287,,,,,,,,,,,
4/24/2019,5.8753,,,,,,,,,,,
4/25/2019,5.9268,,,,,,,,,,,
4/26/2019,5.9382,,,,,,,,,,,
4/29/2019,5.9483,,,,,,,,,,,
4/30/2019,5.9656,,,,,,,,,,,
5/1/2019,5.9665,,,,,,,,,,,
5/2/2019,5.9645,,,,,,,,,,,
5/3/2019,5.9648,,,,,,,,,,,
5/6/2019,6.0803,,,,,,,,,,,
5/7/2019,6.1511,,,,,,,,,,,
5/8/2019,6.186,,,,,,,,,,,
5/9/2019,6.1926,,,,,,,,,,,
5/10/2019,5.9851,,,,,,,,,,,
5/13/2019,6.0594,,,,,,,,,,,
5/14/2019,6.0306,,,,,,,,,,,
5/15/2019,6.0007,,,,,,,,,,,
5/16/2019,6.0457,,,,,,,,,,,
5/17/2019,6.055,,,,,,,,,,,
5/20/2019,6.0272,,,,,,,,,,,
5/21/2019,6.0525,,,,,,,,,,,
5/22/2019,6.1002,,,,,,,,,,,
5/23/2019,6.0964,,,,,,,,,,,
5/24/2019,6.0825,,,,,,,,,,,
5/27/2019,6.0629,,,,,,,,,,,
5/28/2019,6.0319,,,,,,,,,,,
5/29/2019,6.0121,,,,,,,,,,,
5/30/2019,5.8772,,,,,,,,,,,
5/31/2019,5.8382,,,,,,,,,,,
6/3/2019,5.8339,,,,,,,,,,,
6/4/2019,5.7824,,,,,,,,,,,
6/5/2019,5.731,,,,,,,,,,,
6/6/2019,5.7801,,,,,,,,,,,
6/7/2019,5.831,,,,,,,,,,,
6/10/2019,5.7747,,,,,,,,,,,
6/11/2019,5.7976,,,,,,,,,,,
6/12/2019,5.808,,,,,,,,,,,
6/13/2019,5.8682,,,,,,,,,,,
6/14/2019,5.9015,,,,,,,,,,,
6/17/2019,5.8733,,,,,,,,,,,
6/18/2019,5.8284,,,,,,,,,,,
6/19/2019,5.7914,,,,,,,,,,,
6/20/2019,5.7644,,,,,,,,,,,
6/21/2019,5.8214,,,,,,,,,,,
6/24/2019,5.809,,,,,,,,,,,
6/25/2019,5.7949,,,,,,,,,,,
6/26/2019,5.7749,,,,,,,,,,,
6/27/2019,5.7725,,,,,,,,,,,
6/28/2019,5.7921,,,,,,,,,,,
7/1/2019,5.6507,,,,,,,,,,,
7/2/2019,5.6528,,,,,,,,,,,
7/3/2019,5.6249,,,,,,,,,,,
7/4/2019,5.5953,,,,,,,,,,,
7/5/2019,5.6288,,,,,,,,,,,
7/8/2019,5.7367,,,,,,,,,,,
7/9/2019,5.7322,,,,,,,,,,,
7/10/2019,5.6741,,,,,,,,,,,
7/11/2019,5.6734,,,,,,,,,,,
7/12/2019,5.72,,,,,,,,,,,
7/15/2019,5.7148,,,,,,,,,,,
7/16/2019,5.7118,,,,,,,,,,,
7/17/2019,5.6842,,,,,,,,,,,
7/18/2019,5.6181,,,,,,,,,,,
7/19/2019,5.6551,,,,,,,,,,,
7/22/2019,5.677,,,,,,,,,,,
7/23/2019,5.7178,,,,,,,,,,,
7/24/2019,5.7085,,,,,,,,,,,
7/25/2019,5.7027,,,,,,,,,,,
7/26/2019,5.6718,,,,,,,,,,,
7/29/2019,5.6148,,,,,,,,,,,
7/30/2019,5.5597,,,,,,,,,,,
7/31/2019,5.5864,,,,,,,,,,,
8/1/2019,5.6039,,,,,,,,,,,
8/2/2019,5.5597,,,,,,,,,,,
8/5/2019,5.5715,,,,,,,,,,,
8/6/2019,5.5209,,,,,,,,,,,
8/7/2019,5.4938,,,,,,,,,,,
8/8/2019,5.4782,,,,,,,,,,,
8/9/2019,5.4917,,,,,,,,,,,
8/12/2019,5.564,,,,,,,,,,,
8/13/2019,5.5629,,,,,,,,,,,
8/14/2019,5.6128,,,,,,,,,,,
8/15/2019,5.568,,,,,,,,,,,
8/16/2019,5.5785,,,,,,,,,,,
8/19/2019,5.6609,,,,,,,,,,,
8/20/2019,5.729,,,,,,,,,,,
8/21/2019,5.7162,,,,,,,,,,,
8/22/2019,5.7688,,,,,,,,,,,
8/23/2019,5.7599,,,,,,,,,,,
8/26/2019,5.8252,,,,,,,,,,,
8/27/2019,5.8275,,,,,,,,,,,
8/28/2019,5.8134,,,,,,,,,,,
8/29/2019,5.84,,,,,,,,,,,
8/30/2019,5.8306,,,,,,,,,,,
9/2/2019,5.8068,,,,,,,,,,,
9/3/2019,5.7293,,,,,,,,,,,
9/4/2019,5.667,,,,,,,,,,,
9/5/2019,5.6917,,,,,,,,,,,
9/6/2019,5.7155,,,,,,,,,,,
9/9/2019,5.75,,,,,,,,,,,
9/10/2019,5.7683,,,,,,,,,,,
9/11/2019,5.7515,,,,,,,,,,,
9/12/2019,5.6566,,,,,,,,,,,
9/13/2019,5.6861,,,,,,,,,,,
9/16/2019,5.729,,,,,,,,,,,
9/17/2019,5.7016,,,,,,,,,,,
9/18/2019,5.6768,,,,,,,,,,,
9/19/2019,5.7187,,,,,,,,,,,
9/20/2019,5.7439,,,,,,,,,,,
9/23/2019,5.7174,,,,,,,,,,,
9/24/2019,5.6973,,,,,,,,,,,
9/25/2019,5.6706,,,,,,,,,,,
9/26/2019,5.6655,,,,,,,,,,,
9/27/2019,5.6708,,,,,,,,,,,
9/30/2019,5.6489,,,,,,,,,,,
10/1/2019,5.7231,,,,,,,,,,,
10/2/2019,5.702,,,,,,,,,,,
10/3/2019,5.6947,,,,,,,,,,,
10/4/2019,5.6962,,,,,,,,,,,
10/7/2019,5.8328,,,,,,,,,,,
10/8/2019,5.8311,,,,,,,,,,,
10/9/2019,5.8712,,,,,,,,,,,
10/10/2019,5.8365,,,,,,,,,,,
10/11/2019,5.8853,,,,,,,,,,,
10/14/2019,5.9271,,,,,,,,,,,
10/15/2019,5.9165,,,,,,,,,,,
10/16/2019,5.887,,,,,,,,,,,
10/17/2019,5.8299,,,,,,,,,,,
10/18/2019,5.7919,,,,,,,,,,,
10/21/2019,5.8582,,,,,,,,,,,
10/22/2019,5.8084,,,,,,,,,,,
10/23/2019,5.7351,,,,,,,,,,,
10/24/2019,5.7647,,,,,,,,,,,
10/25/2019,5.7748,,,,,,,,,,,
10/28/2019,5.7312,,,,,,,,,,,
10/29/2019,5.7373,,,,,,,,,,,
10/30/2019,5.702,,,,,,,,,,,
10/31/2019,5.713,,,,,,,,,,,
11/1/2019,5.7124,,,,,,,,,,,
11/4/2019,5.7387,,,,,,,,,,,
11/5/2019,5.7533,,,,,,,,,,,
11/6/2019,5.7508,,,,,,,,,,,
11/7/2019,5.7522,,,,,,,,,,,
11/8/2019,5.7668,,,,,,,,,,,
11/11/2019,5.7733,,,,,,,,,,,
11/12/2019,5.7776,,,,,,,,,,,
11/13/2019,5.7403,,,,,,,,,,,
11/14/2019,5.7477,,,,,,,,,,,
11/15/2019,5.7453,,,,,,,,,,,
11/18/2019,5.7369,,,,,,,,,,,
11/19/2019,5.699,,,,,,,,,,,
11/20/2019,5.6997,,,,,,,,,,,
11/21/2019,5.6966,,,,,,,,,,,
11/22/2019,5.7132,,,,,,,,,,,
11/25/2019,5.7416,,,,,,,,,,,
11/26/2019,5.7597,,,,,,,,,,,
11/27/2019,5.7779,,,,,,,,,,,
11/28/2019,5.7585,,,,,,,,,,,
11/29/2019,5.747,,,,,,,,,,,
12/2/2019,5.7415,,,,,,,,,,,
12/3/2019,5.7431,,,,,,,,,,,
12/4/2019,5.7508,,,,,,,,,,,
12/5/2019,5.7485,,,,,,,,,,,
12/6/2019,5.7766,,,,,,,,,,,
12/9/2019,5.8113,,,,,,,,,,,
12/10/2019,5.8057,,,,,,,,,,,
12/11/2019,5.8074,,,,,,,,,,,
12/12/2019,5.7914,,,,,,,,,,,
12/13/2019,5.8082,,,,,,,,,,,
12/16/2019,5.8498,,,,,,,,,,,
12/17/2019,5.886,,,,,,,,,,,
12/18/2019,5.9261,,,,,,,,,,,
12/19/2019,5.9417,,,,,,,,,,,
12/20/2019,5.94,,,,,,,,,,,
12/23/2019,5.9486,,,,,,,,,,,
12/24/2019,5.9468,,,,,,,,,,,
12/25/2019,5.935,,,,,,,,,,,
12/26/2019,5.9335,,,,,,,,,,,
12/27/2019,5.9502,,,,,,,,,,,
12/30/2019,5.9479,,,,,,,,,,,
12/31/2019,5.9489,,,,,,,,,,,
1/1/2020,5.9466,,,,,,,,,,,
1/2/2020,5.9566,,,,,,,,,,,
1/3/2020,5.9723,,,,,,,,,,,
1/6/2020,5.969,,,,,,,,,,,
1/7/2020,5.9727,,,,,,,,,,,
1/8/2020,5.9091,,,,,,,,,,,
1/9/2020,5.8739,,,,,,,,,,,
1/10/2020,5.8777,,,,,,,,,,,
1/13/2020,5.8671,,,,,,,,,,,
1/14/2020,5.8819,,,,,,,,,,,
1/15/2020,5.8758,,,,,,,,,,,
1/16/2020,5.8597,,,,,,,,,,,
1/17/2020,5.8908,,,,,,,,,,,
1/20/2020,5.9132,,,,,,,,,,,
1/21/2020,5.9376,,,,,,,,,,,
1/22/2020,5.9222,,,,,,,,,,,
1/23/2020,5.9344,,,,,,,,,,,
1/24/2020,5.9391,,,,,,,,,,,
1/27/2020,5.944,,,,,,,,,,,
1/28/2020,5.9403,,,,,,,,,,,
1/29/2020,5.9567,,,,,,,,,,,
1/30/2020,5.9725,,,,,,,,,,,
1/31/2020,5.9822,,,,,,,,,,,
2/3/2020,5.9844,,,,,,,,,,,
2/4/2020,5.9801,,,,,,,,,,,
2/5/2020,5.9827,,,,,,,,,,,
2/6/2020,5.9874,,,,,,,,,,,
2/7/2020,6.0153,,,,,,,,,,,
2/10/2020,6.0108,,,,,,,,,,,
2/11/2020,6.0163,,,,,,,,,,,
2/12/2020,6.042,,,,,,,,,,,
2/13/2020,6.0405,,,,,,,,,,,
2/14/2020,6.0505,,,,,,,,,,,
2/17/2020,6.0449,,,,,,,,,,,
2/18/2020,6.0642,,,,,,,,,,,
2/19/2020,6.0823,,,,,,,,,,,
2/20/2020,6.1004,,,,,,,,,,,
2/21/2020,6.0964,,,,,,,,,,,
2/24/2020,6.1177,,,,,,,,,,,
2/25/2020,6.1441,,,,,,,,,,,
2/26/2020,6.159,,,,,,,,,,,
2/27/2020,6.2078,,,,,,,,,,,
2/28/2020,6.2427,,,,,,,,,,,
3/2/2020,6.1743,,,,,,,,,,,
3/3/2020,6.107,,,,,,,,,,,
3/4/2020,6.0773,,,,,,,,,,,
3/5/2020,6.1105,,,,,,,,,,,
3/6/2020,6.0919,,,,,,,,,,,
3/9/2020,6.1442,,,,,,,,,,,
3/10/2020,6.1575,,,,,,,,,,,
3/11/2020,6.2091,,,,,,,,,,,
3/12/2020,6.3159,,,,,,,,,,,
3/13/2020,6.3321,,,,,,,,,,,
3/16/2020,6.4315,,,,,,,,,,,
3/17/2020,6.3974,,,,,,,,,,,
3/18/2020,6.4752,,,,,,,,,,,
3/19/2020,6.5439,,,,,,,,,,,
3/20/2020,6.5525,,,,,,,,,,,
3/23/2020,6.5617,,,,,,,,,,,
3/24/2020,6.4203,,,,,,,,,,,
3/25/2020,6.417,,,,,,,,,,,
3/26/2020,6.3979,,,,,,,,,,,
3/27/2020,6.455,,,,,,,,,,,
3/30/2020,6.5773,,,,,,,,,,,
3/31/2020,6.6143,,,,,,,,,,,
4/1/2020,6.703,,,,,,,,,,,
4/2/2020,6.6153,,,,,,,,,,,
4/3/2020,6.731,,,,,,,,,,,
4/6/2020,6.7815,,,,,,,,,,,
4/7/2020,6.754,,,,,,,,,,,
4/8/2020,6.7737,,,,,,,,,,,
4/9/2020,6.6746,,,,,,,,,,,
4/10/2020,6.7001,,,,,,,,,,,
4/13/2020,6.7721,,,,,,,,,,,
4/14/2020,6.8155,,,,,,,,,,,
4/15/2020,6.9118,,,,,,,,,,,
4/16/2020,6.9397,,,,,,,,,,,
4/17/2020,6.9317,,,,,,,,,,,
4/20/2020,6.9402,,,,,,,,,,,
4/21/2020,6.9812,,,,,,,,,,,
4/22/2020,6.9787,,,,,,,,,,,
4/23/2020,6.9462,,,,,,,,,,,
4/24/2020,6.9742,,,,,,,,,,,
4/27/2020,6.9861,,,,,,,,,,,
4/28/2020,6.9868,,,,,,,,,,,
4/29/2020,6.952,,,,,,,,,,,
4/30/2020,6.9864,,,,,,,,,,,
5/1/2020,7.012,,,,,,,,,,,
5/4/2020,7.043,,,,,,,,,,,
5/5/2020,7.0746,,,,,,,,,,,
5/6/2020,7.1968,,,,,,,,,,,
5/7/2020,7.1195,,,,,,,,,,,
5/8/2020,7.084,,,,,,,,,,,
5/11/2020,7.0762,,,,,,,,,,,
5/12/2020,6.9971,,,,,,,,,,,
5/13/2020,6.9748,,,,,,,,,,,
5/14/2020,6.922,,,,,,,,,,,
5/15/2020,6.9012,,,,,,,,,,,
5/18/2020,6.8851,,,,,,,,,,,
5/19/2020,6.7775,,,,,,,,,,,
5/20/2020,6.7912,,,,,,,,,,,
5/21/2020,6.7916,,,,,,,,,,,
5/22/2020,6.8147,,,,,,,,,,,
5/25/2020,6.81,,,,,,,,,,,
5/26/2020,6.7275,,,,,,,,,,,
5/27/2020,6.7739,,,,,,,,,,,
5/28/2020,6.8138,,,,,,,,,,,
5/29/2020,6.8202,,,,,,,,,,,
6/1/2020,6.8142,,,,,,,,,,,
6/2/2020,6.7145,,,,,,,,,,,
6/3/2020,6.744,,,,,,,,,,,
6/4/2020,6.7558,,,,,,,,,,,
6/5/2020,6.77,,,,,,,,,,,
6/8/2020,6.7876,,,,,,,,,,,
6/9/2020,6.7973,,,,,,,,,,,
6/10/2020,6.7768,,,,,,,,,,,
6/11/2020,6.8414,,,,,,,,,,,
6/12/2020,6.8126,,,,,,,,,,,
6/15/2020,6.8363,,,,,,,,,,,
6/16/2020,6.8439,,,,,,,,,,,
6/17/2020,6.8448,,,,,,,,,,,
6/18/2020,6.8562,,,,,,,,,,,
6/19/2020,6.8531,,,,,,,,,,,
6/22/2020,6.8483,,,,,,,,,,,
6/23/2020,6.8511,,,,,,,,,,,
6/24/2020,6.8558,,,,,,,,,,,
6/25/2020,6.8549,,,,,,,,,,,
6/26/2020,6.8546,,,,,,,,,,,
6/29/2020,6.8548,,,,,,,,,,,
6/30/2020,6.8525,,,,,,,,,,,
7/1/2020,6.8479,,,,,,,,,,,
7/2/2020,6.851,,,,,,,,,,,
7/3/2020,6.8623,,,,,,,,,,,
7/6/2020,6.8609,,,,,,,,,,,
7/7/2020,6.8595,,,,,,,,,,,
7/8/2020,6.8605,,,,,,,,,,,
7/9/2020,6.8619,,,,,,,,,,,
7/10/2020,6.8658,,,,,,,,,,,
7/13/2020,6.8602,,,,,,,,,,,
7/14/2020,6.8642,,,,,,,,,,,
7/15/2020,6.8558,,,,,,,,,,,
7/16/2020,6.8572,,,,,,,,,,,
7/17/2020,6.8587,,,,,,,,,,,
7/20/2020,6.8578,,,,,,,,,,,
7/21/2020,6.8254,,,,,,,,,,,
7/22/2020,6.8506,,,,,,,,,,,
7/23/2020,6.8439,,,,,,,,,,,
7/24/2020,6.8484,,,,,,,,,,,
7/27/2020,6.8625,,,,,,,,,,,
7/28/2020,6.9355,,,,,,,,,,,
7/29/2020,6.983,,,,,,,,,,,
7/30/2020,6.9955,,,,,,,,,,,
7/31/2020,6.972,,,,,,,,,,,
8/3/2020,6.9578,,,,,,,,,,,
8/4/2020,6.9008,,,,,,,,,,,
8/5/2020,7.0476,,,,,,,,,,,
8/6/2020,7.2389,,,,,,,,,,,
8/7/2020,7.2941,,,,,,,,,,,
8/10/2020,7.3329,,,,,,,,,,,
8/11/2020,7.2025,,,,,,,,,,,
8/12/2020,7.3282,,,,,,,,,,,
8/13/2020,7.3354,,,,,,,,,,,
8/14/2020,7.3664,,,,,,,,,,,
8/17/2020,7.3787,,,,,,,,,,,
8/18/2020,7.3696,,,,,,,,,,,
8/19/2020,7.2905,,,,,,,,,,,
8/20/2020,7.2938,,,,,,,,,,,
8/21/2020,7.3365,,,,,,,,,,,
8/24/2020,7.3768,,,,,,,,,,,
8/25/2020,7.3893,,,,,,,,,,,
8/26/2020,7.3662,,,,,,,,,,,
8/27/2020,7.3587,,,,,,,,,,,
8/28/2020,7.3329,,,,,,,,,,,
8/31/2020,7.3466,,,,,,,,,,,
9/1/2020,7.3652,,,,,,,,,,,
9/2/2020,7.3822,,,,,,,,,,,
9/3/2020,7.4335,,,,,,,,,,,
9/4/2020,7.4331,,,,,,,,,,,
9/7/2020,7.4542,,,,,,,,,,,
9/8/2020,7.4817,,,,,,,,,,,
9/9/2020,7.4848,,,,,,,,,,,
9/10/2020,7.4481,,,,,,,,,,,
9/11/2020,7.4724,,,,,,,,,,,
9/14/2020,7.484,,,,,,,,,,,
9/15/2020,7.4854,,,,,,,,,,,
9/16/2020,7.5054,,,,,,,,,,,
9/17/2020,7.5464,,,,,,,,,,,
9/18/2020,7.5555,,,,,,,,,,,
9/21/2020,7.6321,,,,,,,,,,,
9/22/2020,7.6622,,,,,,,,,,,
9/23/2020,7.7009,,,,,,,,,,,
9/24/2020,7.6254,,,,,,,,,,,
9/25/2020,7.6582,,,,,,,,,,,
9/28/2020,7.8006,,,,,,,,,,,
9/29/2020,7.8168,,,,,,,,,,,
9/30/2020,7.7213,,,,,,,,,,,
10/1/2020,7.746,,,,,,,,,,,
10/2/2020,7.758,,,,,,,,,,,
10/5/2020,7.7646,,,,,,,,,,,
10/6/2020,7.7978,,,,,,,,,,,
10/7/2020,7.8818,,,,,,,,,,,
10/8/2020,7.9435,,,,,,,,,,,
10/9/2020,7.8564,,,,,,,,,,,
10/12/2020,7.8888,,,,,,,,,,,
10/13/2020,7.9191,,,,,,,,,,,
10/14/2020,7.9106,,,,,,,,,,,
10/15/2020,7.9324,,,,,,,,,,,
10/16/2020,7.9333,,,,,,,,,,,
10/19/2020,7.8766,,,,,,,,,,,
10/20/2020,7.8627,,,,,,,,,,,
10/21/2020,7.8122,,,,,,,,,,,
10/22/2020,7.9378,,,,,,,,,,,
10/23/2020,7.9671,,,,,,,,,,,
10/26/2020,8.0834,,,,,,,,,,,
10/27/2020,8.1848,,,,,,,,,,,
10/28/2020,8.2566,,,,,,,,,,,
10/29/2020,8.2883,,,,,,,,,,,
10/30/2020,8.3456,,,,,,,,,,,
11/2/2020,8.44,,,,,,,,,,,
11/3/2020,8.4112,,,,,,,,,,,
11/4/2020,8.4215,,,,,,,,,,,
11/5/2020,8.416,,,,,,,,,,,
11/6/2020,8.5193,,,,,,,,,,,
11/9/2020,8.0525,,,,,,,,,,,
11/10/2020,8.156,,,,,,,,,,,
11/11/2020,7.793,,,,,,,,,,,
11/12/2020,7.6888,,,,,,,,,,,
11/13/2020,7.6804,,,,,,,,,,,
11/16/2020,7.7068,,,,,,,,,,,
11/17/2020,7.6995,,,,,,,,,,,
11/18/2020,7.716,,,,,,,,,,,
11/19/2020,7.5499,,,,,,,,,,,
11/20/2020,7.619,,,,,,,,,,,
11/23/2020,7.8873,,,,,,,,,,,
11/24/2020,8.0054,,,,,,,,,,,
11/25/2020,7.9522,,,,,,,,,,,
11/26/2020,7.8717,,,,,,,,,,,
11/27/2020,7.8137,,,,,,,,,,,
11/30/2020,7.8256,,,,,,,,,,,
12/1/2020,7.8314,,,,,,,,,,,
12/2/2020,7.8616,,,,,,,,,,,
12/3/2020,7.7718,,,,,,,,,,,
12/4/2020,7.813,,,,,,,,,,,
12/7/2020,7.8097,,,,,,,,,,,
12/8/2020,7.8191,,,,,,,,,,,
12/9/2020,7.8244,,,,,,,,,,,
12/10/2020,7.8903,,,,,,,,,,,
12/11/2020,7.8421,,,,,,,,,,,
12/14/2020,7.8508,,,,,,,,,,,
12/15/2020,7.8362,,,,,,,,,,,
12/16/2020,7.8026,,,,,,,,,,,
12/17/2020,7.7027,,,,,,,,,,,
12/18/2020,7.6433,,,,,,,,,,,
12/21/2020,7.6412,,,,,,,,,,,
12/22/2020,7.6593,,,,,,,,,,,
12/23/2020,7.6405,,,,,,,,,,,
12/24/2020,7.5623,,,,,,,,,,,
12/25/2020,7.5863,,,,,,,,,,,
12/28/2020,7.4382,,,,,,,,,,,
12/29/2020,7.3954,,,,,,,,,,,
12/30/2020,7.3832,,,,,,,,,,,
12/31/2020,7.4349,,,,,,,,,,,
1/1/2021,7.4299,,,,,,,,,,,
1/4/2021,7.4222,,,,,,,,,,,
1/5/2021,7.3866,,,,,,,,,,,
1/6/2021,7.3059,,,,,,,,,,,
1/7/2021,7.3481,,,,,,,,,,,
1/8/2021,7.3732,,,,,,,,,,,
1/11/2021,7.4836,,,,,,,,,,,
1/12/2021,7.4544,,,,,,,,,,,
1/13/2021,7.4028,,,,,,,,,,,
1/14/2021,7.3609,,,,,,,,,,,
1/15/2021,7.4586,,,,,,,,,,,
1/18/2021,7.4731,,,,,,,,,,,
1/19/2021,7.4647,,,,,,,,,,,
1/20/2021,7.4186,,,,,,,,,,,
1/21/2021,7.3679,,,,,,,,,,,
1/22/2021,7.4103,,,,,,,,,,,
1/25/2021,7.4046,,,,,,,,,,,
1/26/2021,7.3439,,,,,,,,,,,
1/27/2021,7.4139,,,,,,,,,,,
1/28/2021,7.3342,,,,,,,,,,,
1/29/2021,7.3193,,,,,,,,,,,
2/1/2021,7.1865,,,,,,,,,,,
2/2/2021,7.2023,,,,,,,,,,,
2/3/2021,7.1645,,,,,,,,,,,
2/4/2021,7.1358,,,,,,,,,,,
2/5/2021,7.0564,,,,,,,,,,,
2/8/2021,7.0732,,,,,,,,,,,
2/9/2021,7.0686,,,,,,,,,,,
2/10/2021,7.0578,,,,,,,,,,,
2/11/2021,7.0258,,,,,,,,,,,
2/12/2021,7.0357,,,,,,,,,,,
2/15/2021,6.9642,,,,,,,,,,,
2/16/2021,6.993,,,,,,,,,,,
2/17/2021,6.966,,,,,,,,,,,
2/18/2021,6.9644,,,,,,,,,,,
2/19/2021,6.9814,,,,,,,,,,,
2/22/2021,7.021,,,,,,,,,,,
2/23/2021,7.1052,,,,,,,,,,,
2/24/2021,7.1692,,,,,,,,,,,
2/25/2021,7.3527,,,,,,,,,,,
2/26/2021,7.4249,,,,,,,,,,,
3/1/2021,7.296,,,,,,,,,,,
3/2/2021,7.3601,,,,,,,,,,,
3/3/2021,7.4455,,,,,,,,,,,
3/4/2021,7.5113,,,,,,,,,,,
3/5/2021,7.532,,,,,,,,,,,
3/8/2021,7.7454,,,,,,,,,,,
3/9/2021,7.6072,,,,,,,,,,,
3/10/2021,7.5045,,,,,,,,,,,
3/11/2021,7.4759,,,,,,,,,,,
3/12/2021,7.5668,,,,,,,,,,,
3/15/2021,7.5327,,,,,,,,,,,
3/16/2021,7.4852,,,,,,,,,,,
3/17/2021,7.4954,,,,,,,,,,,
3/18/2021,7.3226,,,,,,,,,,,
3/19/2021,7.2131,,,,,,,,,,,
3/22/2021,7.7886,,,,,,,,,,,
3/23/2021,7.94,,,,,,,,,,,
3/24/2021,7.921,,,,,,,,,,,
3/25/2021,7.9417,,,,,,,,,,,
3/26/2021,8.0803,,,,,,,,,,,
3/29/2021,8.1995,,,,,,,,,,,
3/30/2021,8.3233,,,,,,,,,,,
3/31/2021,8.2399,,,,,,,,,,,
4/1/2021,8.1056,,,,,,,,,,,
4/2/2021,8.1525,,,,,,,,,,,
4/5/2021,8.1021,,,,,,,,,,,
4/6/2021,8.1282,,,,,,,,,,,
4/7/2021,8.1464,,,,,,,,,,,
4/8/2021,8.1325,,,,,,,,,,,
4/9/2021,8.1546,,,,,,,,,,,
4/12/2021,8.1432,,,,,,,,,,,
4/13/2021,8.1047,,,,,,,,,,,
4/14/2021,8.0651,,,,,,,,,,,
4/15/2021,8.0123,,,,,,,,,,,
4/16/2021,8.0605,,,,,,,,,,,
4/19/2021,8.0896,,,,,,,,,,,
4/20/2021,8.1068,,,,,,,,,,,
4/21/2021,8.1807,,,,,,,,,,,
4/22/2021,8.3095,,,,,,,,,,,
4/23/2021,8.3682,,,,,,,,,,,
4/26/2021,8.2709,,,,,,,,,,,
4/27/2021,8.2069,,,,,,,,,,,
4/28/2021,8.188,,,,,,,,,,,
4/29/2021,8.1953,,,,,,,,,,,
4/30/2021,8.2822,,,,,,,,,,,
5/3/2021,8.2474,,,,,,,,,,,
5/4/2021,8.3244,,,,,,,,,,,
5/5/2021,8.3127,,,,,,,,,,,
5/6/2021,8.2727,,,,,,,,,,,
5/7/2021,8.2343,,,,,,,,,,,
5/10/2021,8.2744,,,,,,,,,,,
5/11/2021,8.277,,,,,,,,,,,
5/12/2021,8.4186,,,,,,,,,,,
5/13/2021,8.502,,,,,,,,,,,
5/14/2021,8.4554,,,,,,,,,,,
5/17/2021,8.3117,,,,,,,,,,,
5/18/2021,8.3548,,,,,,,,,,,
5/19/2021,8.4125,,,,,,,,,,,
5/20/2021,8.3805,,,,,,,,,,,
5/21/2021,8.4154,,,,,,,,,,,
5/24/2021,8.389,,,,,,,,,,,
5/25/2021,8.4618,,,,,,,,,,,
5/26/2021,8.4559,,,,,,,,,,,
5/27/2021,8.4982,,,,,,,,,,,
5/28/2021,8.5647,,,,,,,,,,,
5/31/2021,8.4919,,,,,,,,,,,
6/1/2021,8.519,,,,,,,,,,,
6/2/2021,8.5927,,,,,,,,,,,
6/3/2021,8.7025,,,,,,,,,,,
6/4/2021,8.6668,,,,,,,,,,,
6/7/2021,8.6126,,,,,,,,,,,
6/8/2021,8.6052,,,,,,,,,,,
6/9/2021,8.5899,,,,,,,,,,,
6/10/2021,8.4279,,,,,,,,,,,
6/11/2021,8.3942,,,,,,,,,,,
6/14/2021,8.4692,,,,,,,,,,,
6/15/2021,8.5574,,,,,,,,,,,
6/16/2021,8.6159,,,,,,,,,,,
6/17/2021,8.7193,,,,,,,,,,,
6/18/2021,8.7373,,,,,,,,,,,
6/21/2021,8.77,,,,,,,,,,,
6/22/2021,8.6499,,,,,,,,,,,
6/23/2021,8.64,,,,,,,,,,,
6/24/2021,8.7087,,,,,,,,,,,
6/25/2021,8.7643,,,,,,,,,,,
6/28/2021,8.6845,,,,,,,,,,,
6/29/2021,8.7318,,,,,,,,,,,
6/30/2021,8.7026,,,,,,,,,,,
7/1/2021,8.6551,,,,,,,,,,,
7/2/2021,8.6796,,,,,,,,,,,
7/5/2021,8.6658,,,,,,,,,,,
7/6/2021,8.6893,,,,,,,,,,,
7/7/2021,8.6814,,,,,,,,,,,
7/8/2021,8.6943,,,,,,,,,,,
7/9/2021,8.6581,,,,,,,,,,,
7/12/2021,8.6353,,,,,,,,,,,
7/13/2021,8.621,,,,,,,,,,,
7/14/2021,8.5851,,,,,,,,,,,
7/15/2021,8.5629,,,,,,,,,,,
7/16/2021,8.5178,,,,,,,,,,,
7/19/2021,8.5854,,,,,,,,,,,
7/20/2021,8.5646,,,,,,,,,,,
7/21/2021,8.5578,,,,,,,,,,,
7/22/2021,8.5648,,,,,,,,,,,
7/23/2021,8.5504,,,,,,,,,,,
7/26/2021,8.5497,,,,,,,,,,,
7/27/2021,8.5594,,,,,,,,,,,
7/28/2021,8.5488,,,,,,,,,,,
7/29/2021,8.4521,,,,,,,,,,,
7/30/2021,8.4457,,,,,,,,,,,
8/2/2021,8.3466,,,,,,,,,,,
8/3/2021,8.4026,,,,,,,,,,,
8/4/2021,8.4732,,,,,,,,,,,
8/5/2021,8.5199,,,,,,,,,,,
8/6/2021,8.615,,,,,,,,,,,
8/9/2021,8.6303,,,,,,,,,,,
8/10/2021,8.592,,,,,,,,,,,
8/11/2021,8.625,,,,,,,,,,,
8/12/2021,8.5436,,,,,,,,,,,
8/13/2021,8.5124,,,,,,,,,,,
8/16/2021,8.4553,,,,,,,,,,,
8/17/2021,8.4291,,,,,,,,,,,
8/18/2021,8.4512,,,,,,,,,,,
8/19/2021,8.5025,,,,,,,,,,,
8/20/2021,8.4813,,,,,,,,,,,
8/23/2021,8.4198,,,,,,,,,,,
8/24/2021,8.3956,,,,,,,,,,,
8/25/2021,8.3731,,,,,,,,,,,
8/26/2021,8.388,,,,,,,,,,,
8/27/2021,8.3468,,,,,,,,,,,
8/30/2021,8.3709,,,,,,,,,,,
8/31/2021,8.3069,,,,,,,,,,,
9/1/2021,8.2837,,,,,,,,,,,
9/2/2021,8.2742,,,,,,,,,,,
9/3/2021,8.3145,,,,,,,,,,,
9/6/2021,8.2763,,,,,,,,,,,
9/7/2021,8.3478,,,,,,,,,,,
9/8/2021,8.4597,,,,,,,,,,,
9/9/2021,8.4375,,,,,,,,,,,
9/10/2021,8.456,,,,,,,,,,,
9/13/2021,8.4255,,,,,,,,,,,
9/14/2021,8.4336,,,,,,,,,,,
9/15/2021,8.4278,,,,,,,,,,,
9/16/2021,8.5237,,,,,,,,,,,
9/17/2021,8.6468,,,,,,,,,,,
9/20/2021,8.6661,,,,,,,,,,,
9/21/2021,8.6273,,,,,,,,,,,
9/22/2021,8.6503,,,,,,,,,,,
9/23/2021,8.7616,,,,,,,,,,,
9/24/2021,8.8718,,,,,,,,,,,
9/27/2021,8.8202,,,,,,,,,,,
9/28/2021,8.869,,,,,,,,,,,
9/29/2021,8.9093,,,,,,,,,,,
9/30/2021,8.8805,,,,,,,,,,,
10/1/2021,8.8493,,,,,,,,,,,
10/4/2021,8.8495,,,,,,,,,,,
10/5/2021,8.8668,,,,,,,,,,,
10/6/2021,8.8701,,,,,,,,,,,
10/7/2021,8.8715,,,,,,,,,,,
10/8/2021,8.9521,,,,,,,,,,,
10/11/2021,9.0012,,,,,,,,,,,
10/12/2021,9.0376,,,,,,,,,,,
10/13/2021,9.0824,,,,,,,,,,,
10/14/2021,9.1834,,,,,,,,,,,
10/15/2021,9.2566,,,,,,,,,,,
10/18/2021,9.3302,,,,,,,,,,,
10/19/2021,9.2911,,,,,,,,,,,
10/20/2021,9.2051,,,,,,,,,,,
10/21/2021,9.5061,,,,,,,,,,,
10/22/2021,9.6026,,,,,,,,,,,
10/25/2021,9.5845,,,,,,,,,,,
10/26/2021,9.5312,,,,,,,,,,,
10/27/2021,9.4835,,,,,,,,,,,
10/28/2021,9.527,,,,,,,,,,,
10/29/2021,9.5896,,,,,,,,,,,
11/1/2021,9.5363,,,,,,,,,,,
11/2/2021,9.6024,,,,,,,,,,,
11/3/2021,9.6391,,,,,,,,,,,
11/4/2021,9.6919,,,,,,,,,,,
11/5/2021,9.6745,,,,,,,,,,,
11/8/2021,9.6775,,,,,,,,,,,
11/9/2021,9.7322,,,,,,,,,,,
11/10/2021,9.8378,,,,,,,,,,,
11/11/2021,9.9049,,,,,,,,,,,
11/12/2021,9.9909,,,,,,,,,,,
11/15/2021,10.0604,,,,,,,,,,,
11/16/2021,10.3168,,,,,,,,,,,
11/17/2021,10.6327,,,,,,,,,,,
11/18/2021,11.036,,,,,,,,,,,
11/19/2021,11.2495,,,,,,,,,,,
11/22/2021,11.4062,,,,,,,,,,,
11/23/2021,12.8129,,,,,,,,,,,
11/24/2021,11.8876,,,,,,,,,,,
11/25/2021,11.9998,,,,,,,,,,,
11/26/2021,12.369,,,,,,,,,,,
11/29/2021,12.817,,,,,,,,,,,
11/30/2021,13.6848,,,,,,,,,,,
12/1/2021,13.3044,,,,,,,,,,,
12/2/2021,13.6765,,,,,,,,,,,
12/3/2021,13.7212,,,,,,,,,,,
12/6/2021,13.7985,,,,,,,,,,,
12/7/2021,13.4845,,,,,,,,,,,
12/8/2021,13.6624,,,,,,,,,,,
12/9/2021,13.7773,,,,,,,,,,,
12/10/2021,13.8803,,,,,,,,,,,
12/13/2021,13.8319,,,,,,,,,,,
12/14/2021,14.3961,,,,,,,,,,,
12/15/2021,14.8062,,,,,,,,,,,
12/16/2021,15.6828,,,,,,,,,,,
12/17/2021,16.5047,,,,,,,,,,,
12/20/2021,13.437,,,,,,,,,,,
12/21/2021,12.557,,,,,,,,,,,
12/22/2021,12.19,,,,,,,,,,,
12/23/2021,11.2898,,,,,,,,,,,
12/24/2021,10.9914,,,,,,,,,,,
12/27/2021,11.567,,,,,,,,,,,
12/28/2021,11.828,,,,,,,,,,,
12/29/2021,12.668,,,,,,,,,,,
12/30/2021,13.1706,,,,,,,,,,,
12/31/2021,13.2844,,,,,,,,,,,
1/3/2022,13.0819,,,,,,,,,,,
1/4/2022,13.4246,,,,,,,,,,,
1/5/2022,13.643,,,,,,,,,,,
1/6/2022,13.8301,,,,,,,,,,,
1/7/2022,13.8328,,,,,,,,,,,
1/10/2022,13.8227,,,,,,,,,,,
1/11/2022,13.8005,,,,,,,,,,,
1/12/2022,13.2242,,,,,,,,,,,
1/13/2022,13.5696,,,,,,,,,,,
1/14/2022,13.5384,,,,,,,,,,,
1/17/2022,13.4402,,,,,,,,,,,
1/18/2022,13.528,,,,,,,,,,,
1/19/2022,13.4321,,,,,,,,,,,
1/20/2022,13.3634,,,,,,,,,,,
1/21/2022,13.4644,,,,,,,,,,,
1/24/2022,13.5109,,,,,,,,,,,
1/25/2022,13.4821,,,,,,,,,,,
1/26/2022,13.5904,,,,,,,,,,,
1/27/2022,13.6469,,,,,,,,,,,
1/28/2022,13.5203,,,,,,,,,,,
1/31/2022,13.3266,,,,,,,,,,,
2/1/2022,13.3612,,,,,,,,,,,
2/2/2022,13.4673,,,,,,,,,,,
2/3/2022,13.5672,,,,,,,,,,,
2/4/2022,13.5595,,,,,,,,,,,
2/7/2022,13.59,,,,,,,,,,,
2/8/2022,13.5614,,,,,,,,,,,
2/9/2022,13.5412,,,,,,,,,,,
2/10/2022,13.5115,,,,,,,,,,,
2/11/2022,13.501,,,,,,,,,,,
2/14/2022,13.5948,,,,,,,,,,,
2/15/2022,13.6078,,,,,,,,,,,
2/16/2022,13.6015,,,,,,,,,,,
2/17/2022,13.5839,,,,,,,,,,,
2/18/2022,13.6522,,,,,,,,,,,
2/21/2022,13.6754,,,,,,,,,,,
2/22/2022,13.8129,,,,,,,,,,,
2/23/2022,13.8286,,,,,,,,,,,
2/24/2022,14.0966,,,,,,,,,,,
2/25/2022,13.8788,,,,,,,,,,,
2/28/2022,13.8723,,,,,,,,,,,
3/1/2022,13.9088,,,,,,,,,,,
3/2/2022,14.0869,,,,,,,,,,,
3/3/2022,14.1434,,,,,,,,,,,
3/4/2022,14.2244,,,,,,,,,,,
3/7/2022,14.3929,,,,,,,,,,,
3/8/2022,14.5004,,,,,,,,,,,
3/9/2022,14.6594,,,,,,,,,,,
3/10/2022,14.8751,,,,,,,,,,,
3/11/2022,14.7786,,,,,,,,,,,
3/14/2022,14.7808,,,,,,,,,,,
3/15/2022,14.7037,,,,,,,,,,,
3/16/2022,14.6193,,,,,,,,,,,
3/17/2022,14.7144,,,,,,,,,,,
3/18/2022,14.7905,,,,,,,,,,,
3/21/2022,14.8331,,,,,,,,,,,
3/22/2022,14.8285,,,,,,,,,,,
3/23/2022,14.8296,,,,,,,,,,,
3/24/2022,14.8366,,,,,,,,,,,
3/25/2022,14.8317,,,,,,,,,,,
3/28/2022,14.829,,,,,,,,,,,
3/29/2022,14.5738,,,,,,,,,,,
3/30/2022,14.6667,,,,,,,,,,,
3/31/2022,14.6724,,,,,,,,,,,
4/1/2022,14.6857,,,,,,,,,,,
4/4/2022,14.6795,,,,,,,,,,,
4/5/2022,14.722,,,,,,,,,,,
4/6/2022,14.7139,,,,,,,,,,,
4/7/2022,14.7429,,,,,,,,,,,
4/8/2022,14.7443,,,,,,,,,,,
4/11/2022,14.6631,,,,,,,,,,,
4/12/2022,14.6013,,,,,,,,,,,
4/13/2022,14.6003,,,,,,,,,,,
4/14/2022,14.6048,,,,,,,,,,,
4/15/2022,14.6352,,,,,,,,,,,
4/18/2022,14.64,,,,,,,,,,,
4/19/2022,14.6554,,,,,,,,,,,
4/20/2022,14.6728,,,,,,,,,,,
4/21/2022,14.7041,,,,,,,,,,,
4/22/2022,14.7517,,,,,,,,,,,
4/25/2022,14.7686,,,,,,,,,,,
4/26/2022,14.8077,,,,,,,,,,,
4/27/2022,14.8168,,,,,,,,,,,
4/28/2022,14.7915,,,,,,,,,,,
4/29/2022,14.8562,,,,,,,,,,,
5/2/2022,14.8784,,,,,,,,,,,
5/3/2022,14.7987,,,,,,,,,,,
5/4/2022,14.7399,,,,,,,,,,,
5/5/2022,14.8667,,,,,,,,,,,
5/6/2022,14.953,,,,,,,,,,,
5/9/2022,15.0973,,,,,,,,,,,
5/10/2022,15.2561,,,,,,,,,,,
5/11/2022,15.3022,,,,,,,,,,,
5/12/2022,15.3562,,,,,,,,,,,
5/13/2022,15.4792,,,,,,,,,,,
5/16/2022,15.56,,,,,,,,,,,
5/17/2022,15.9107,,,,,,,,,,,
5/18/2022,15.95,,,,,,,,,,,
5/19/2022,15.8538,,,,,,,,,,,
5/20/2022,15.9051,,,,,,,,,,,
5/23/2022,15.9263,,,,,,,,,,,
5/24/2022,16.064,,,,,,,,,,,
5/25/2022,16.3832,,,,,,,,,,,
5/26/2022,16.3659,,,,,,,,,,,
5/27/2022,16.1993,,,,,,,,,,,
5/30/2022,16.38,,,,,,,,,,,
5/31/2022,16.4148,,,,,,,,,,,
6/1/2022,16.4018,,,,,,,,,,,
6/2/2022,16.4566,,,,,,,,,,,
6/3/2022,16.4174,,,,,,,,,,,
6/6/2022,16.5859,,,,,,,,,,,
6/7/2022,16.7654,,,,,,,,,,,
6/8/2022,17.1627,,,,,,,,,,,
6/9/2022,17.2662,,,,,,,,,,,
6/10/2022,17.125,,,,,,,,,,,
6/13/2022,17.271,,,,,,,,,,,
6/14/2022,17.2711,,,,,,,,,,,
6/15/2022,17.2215,,,,,,,,,,,
6/16/2022,17.3002,,,,,,,,,,,
6/17/2022,17.3156,,,,,,,,,,,
6/20/2022,17.3282,,,,,,,,,,,
6/21/2022,17.3358,,,,,,,,,,,
6/22/2022,17.3456,,,,,,,,,,,
6/23/2022,17.3501,,,,,,,,,,,
6/24/2022,16.8875,,,,,,,,,,,
6/27/2022,16.5309,,,,,,,,,,,
6/28/2022,16.6728,,,,,,,,,,,
6/29/2022,16.6478,,,,,,,,,,,
6/30/2022,16.6919,,,,,,,,,,,
7/1/2022,16.7427,,,,,,,,,,,
7/4/2022,16.8367,,,,,,,,,,,
7/5/2022,16.9942,,,,,,,,,,,
7/6/2022,17.232,,,,,,,,,,,
7/7/2022,17.2726,,,,,,,,,,,
7/8/2022,17.289,,,,,,,,,,,
7/11/2022,17.3744,,,,,,,,,,,
7/12/2022,17.2915,,,,,,,,,,,
7/13/2022,17.4303,,,,,,,,,,,
7/14/2022,17.4493,,,,,,,,,,,
7/15/2022,17.405,,,,,,,,,,,
7/18/2022,17.4615,,,,,,,,,,,
7/19/2022,17.5517,,,,,,,,,,,
7/20/2022,17.6228,,,,,,,,,,,
7/21/2022,17.7149,,,,,,,,,,,
7/22/2022,17.7289,,,,,,,,,,,
7/25/2022,17.8005,,,,,,,,,,,
7/26/2022,17.8623,,,,,,,,,,,
7/27/2022,17.89,,,,,,,,,,,
7/28/2022,17.9301,,,,,,,,,,,
7/29/2022,17.8963,,,,,,,,,,,
8/1/2022,17.8957,,,,,,,,,,,
8/2/2022,17.9369,,,,,,,,,,,
8/3/2022,17.924,,,,,,,,,,,
8/4/2022,17.9173,,,,,,,,,,,
8/5/2022,17.9111,,,,,,,,,,,
8/8/2022,17.9482,,,,,,,,,,,
8/9/2022,17.9694,,,,,,,,,,,
8/10/2022,17.8566,,,,,,,,,,,
8/11/2022,17.9495,,,,,,,,,,,
8/12/2022,17.9542,,,,,,,,,,,
8/15/2022,17.9724,,,,,,,,,,,
8/16/2022,17.9548,,,,,,,,,,,
8/17/2022,17.9614,,,,,,,,,,,
8/18/2022,18.0848,,,,,,,,,,,
8/19/2022,18.0917,,,,,,,,,,,
8/22/2022,18.0851,,,,,,,,,,,
8/23/2022,18.1129,,,,,,,,,,,
8/24/2022,18.1457,,,,,,,,,,,
8/25/2022,18.1663,,,,,,,,,,,
8/26/2022,18.1894,,,,,,,,,,,
8/29/2022,18.1993,,,,,,,,,,,
8/30/2022,18.2148,,,,,,,,,,,
8/31/2022,18.2064,,,,,,,,,,,
9/1/2022,18.2107,,,,,,,,,,,
9/2/2022,18.2191,,,,,,,,,,,
9/5/2022,18.2251,,,,,,,,,,,
9/6/2022,18.2302,,,,,,,,,,,
9/7/2022,18.2348,,,,,,,,,,,
9/8/2022,18.2354,,,,,,,,,,,
9/9/2022,18.24,,,,,,,,,,,
9/12/2022,18.2352,,,,,,,,,,,
9/13/2022,18.255,,,,,,,,,,,
9/14/2022,18.2448,,,,,,,,,,,
9/15/2022,18.2711,,,,,,,,,,,
9/16/2022,18.2628,,,,,,,,,,,
9/19/2022,18.2802,,,,,,,,,,,
9/20/2022,18.3132,,,,,,,,,,,
9/21/2022,18.3347,,,,,,,,,,,
9/22/2022,18.3371,,,,,,,,,,,
9/23/2022,18.418,,,,,,,,,,,
9/26/2022,18.4774,,,,,,,,,,,
9/27/2022,18.4431,,,,,,,,,,,
9/28/2022,18.5488,,,,,,,,,,,
9/29/2022,18.5075,,,,,,,,,,,
9/30/2022,18.502,,,,,,,,,,,
10/3/2022,18.5568,,,,,,,,,,,
10/4/2022,18.5681,,,,,,,,,,,
10/5/2022,18.594,,,,,,,,,,,
10/6/2022,18.584,,,,,,,,,,,
10/7/2022,18.616,,,,,,,,,,,
10/10/2022,18.5806,,,,,,,,,,,
10/11/2022,18.5902,,,,,,,,,,,
10/12/2022,18.5589,,,,,,,,,,,
10/13/2022,18.553,,,,,,,,,,,
10/14/2022,18.5606,,,,,,,,,,,
10/17/2022,18.5815,,,,,,,,,,,
10/18/2022,18.5829,,,,,,,,,,,
10/19/2022,18.5791,,,,,,,,,,,
10/20/2022,18.5913,,,,,,,,,,,
10/21/2022,18.5868,,,,,,,,,,,
10/24/2022,18.603,,,,,,,,,,,
10/25/2022,18.5947,,,,,,,,,,,
10/26/2022,18.6016,,,,,,,,,,,
10/27/2022,18.5956,,,,,,,,,,,
10/28/2022,18.589,,,,,,,,,,,
10/31/2022,18.6139,,,,,,,,,,,
11/1/2022,18.5776,,,,,,,,,,,
11/2/2022,18.6281,,,,,,,,,,,
11/3/2022,18.6173,,,,,,,,,,,
11/4/2022,18.5622,,,,,,,,,,,
11/7/2022,18.4998,,,,,,,,,,,
11/8/2022,18.5269,,,,,,,,,,,
11/9/2022,18.588,,,,,,,,,,,
11/10/2022,18.4871,,,,,,,,,,,
11/11/2022,18.5474,,,,,,,,,,,
11/14/2022,18.6007,,,,,,,,,,,
11/15/2022,18.603,,,,,,,,,,,
11/16/2022,18.5863,,,,,,,,,,,
11/17/2022,18.5928,,,,,,,,,,,
11/18/2022,18.6178,,,,,,,,,,,
11/21/2022,18.6223,,,,,,,,,,,
11/22/2022,18.6108,,,,,,,,,,,
11/23/2022,18.6169,,,,,,,,,,,
11/24/2022,18.6289,,,,,,,,,,,
11/25/2022,18.6289,,,,,,,,,,,
11/28/2022,18.627,,,,,,,,,,,
11/29/2022,18.6364,,,,,,,,,,,
11/30/2022,18.6335,,,,,,,,,,,
12/1/2022,18.633,,,,,,,,,,,
12/2/2022,18.6307,,,,,,,,,,,
12/5/2022,18.6391,,,,,,,,,,,
12/6/2022,18.6346,,,,,,,,,,,
12/7/2022,18.6361,,,,,,,,,,,
12/8/2022,18.6428,,,,,,,,,,,
12/9/2022,18.6433,,,,,,,,,,,
12/12/2022,18.6364,,,,,,,,,,,
12/13/2022,18.6424,,,,,,,,,,,
12/14/2022,18.6223,,,,,,,,,,,
12/15/2022,18.6423,,,,,,,,,,,
12/16/2022,18.6564,,,,,,,,,,,
12/19/2022,18.65,,,,,,,,,,,
12/20/2022,18.6575,,,,,,,,,,,
12/21/2022,18.6662,,,,,,,,,,,
12/22/2022,18.655,,,,,,,,,,,
12/23/2022,18.6755,,,,,,,,,,,
12/26/2022,18.6626,,,,,,,,,,,
12/27/2022,18.6813,,,,,,,,,,,
12/28/2022,18.7117,,,,,,,,,,,
12/29/2022,18.7069,,,,,,,,,,,
12/30/2022,18.7058,,,,,,,,,,,
1/2/2023,18.7127,,,,,,,,,,,
1/3/2023,18.7198,,,,,,,,,,,
1/4/2023,18.7381,,,,,,,,,,,
1/5/2023,18.7635,,,,,,,,,,,
1/6/2023,18.7134,,,,,,,,,,,
1/9/2023,18.7673,,,,,,,,,,,
1/10/2023,18.7747,,,,,,,,,,,
1/11/2023,18.769,,,,,,,,,,,
1/12/2023,18.7824,,,,,,,,,,,
1/13/2023,18.7813,,,,,,,,,,,
1/16/2023,18.7874,,,,,,,,,,,
1/17/2023,18.7695,,,,,,,,,,,
1/18/2023,18.7984,,,,,,,,,,,
1/19/2023,18.7901,,,,,,,,,,,
1/20/2023,18.8066,,,,,,,,,,,
1/23/2023,18.8103,,,,,,,,,,,
1/24/2023,18.7967,,,,,,,,,,,
1/25/2023,18.7886,,,,,,,,,,,
1/26/2023,18.8031,,,,,,,,,,,
1/27/2023,18.8052,,,,,,,,,,,
1/30/2023,18.7917,,,,,,,,,,,
1/31/2023,18.8105,,,,,,,,,,,
2/1/2023,18.8056,,,,,,,,,,,
2/2/2023,18.8004,,,,,,,,,,,
2/3/2023,18.8189,,,,,,,,,,,
2/6/2023,18.8264,,,,,,,,,,,
2/7/2023,18.8275,,,,,,,,,,,
2/8/2023,18.8293,,,,,,,,,,,
2/9/2023,18.8276,,,,,,,,,,,
2/10/2023,18.8332,,,,,,,,,,,
2/13/2023,18.8403,,,,,,,,,,,
2/14/2023,18.8367,,,,,,,,,,,
2/15/2023,18.8497,,,,,,,,,,,
2/16/2023,18.8468,,,,,,,,,,,
2/17/2023,18.8618,,,,,,,,,,,
2/20/2023,18.8651,,,,,,,,,,,
2/21/2023,18.8662,,,,,,,,,,,
2/22/2023,18.8725,,,,,,,,,,,
2/23/2023,18.8721,,,,,,,,,,,
2/24/2023,18.8764,,,,,,,,,,,
2/27/2023,18.884,,,,,,,,,,,
2/28/2023,18.8832,,,,,,,,,,,
3/1/2023,18.8828,,,,,,,,,,,
3/2/2023,18.8908,,,,,,,,,,,
3/3/2023,18.8944,,,,,,,,,,,
3/6/2023,18.8961,,,,,,,,,,,
3/7/2023,18.9194,,,,,,,,,,,
3/8/2023,18.9381,,,,,,,,,,,
3/9/2023,18.9556,,,,,,,,,,,
3/10/2023,18.9658,,,,,,,,,,,
3/13/2023,18.9668,,,,,,,,,,,
3/14/2023,18.9746,,,,,,,,,,,
3/15/2023,18.9918,,,,,,,,,,,
3/16/2023,18.9957,,,,,,,,,,,
3/17/2023,19.0086,,,,,,,,,,,
3/20/2023,19.0005,,,,,,,,,,,
3/21/2023,19.0196,,,,,,,,,,,
3/22/2023,19.038,,,,,,,,,,,
3/23/2023,19.0283,,,,,,,,,,,
3/24/2023,19.0612,,,,,,,,,,,
3/27/2023,19.0895,,,,,,,,,,,
3/28/2023,19.1156,,,,,,,,,,,
3/29/2023,19.1247,,,,,,,,,,,
3/30/2023,19.1607,,,,,,,,,,,
3/31/2023,19.1707,,,,,,,,,,,
4/3/2023,19.1802,,,,,,,,,,,
4/4/2023,19.2195,,,,,,,,,,,
4/5/2023,19.2396,,,,,,,,,,,
4/6/2023,19.2476,,,,,,,,,,,
4/7/2023,19.2376,,,,,,,,,,,
4/10/2023,19.2663,,,,,,,,,,,
4/11/2023,19.2875,,,,,,,,,,,
4/12/2023,19.312,,,,,,,,,,,
4/13/2023,19.3199,,,,,,,,,,,
4/14/2023,19.3477,,,,,,,,,,,
4/17/2023,19.388,,,,,,,,,,,
4/18/2023,19.3882,,,,,,,,,,,
4/19/2023,19.3938,,,,,,,,,,,
4/20/2023,19.3861,,,,,,,,,,,
4/21/2023,19.401,,,,,,,,,,,
4/24/2023,19.4009,,,,,,,,,,,
4/25/2023,19.4265,,,,,,,,,,,
4/26/2023,19.4147,,,,,,,,,,,
4/27/2023,19.4342,,,,,,,,,,,
4/28/2023,19.4482,,,,,,,,,,,
5/1/2023,19.4379,,,,,,,,,,,
5/2/2023,19.4624,,,,,,,,,,,
5/3/2023,19.4734,,,,,,,,,,,
5/4/2023,19.4899,,,,,,,,,,,
5/5/2023,19.5138,,,,,,,,,,,
5/8/2023,19.5018,,,,,,,,,,,
5/9/2023,19.5096,,,,,,,,,,,
5/10/2023,19.5385,,,,,,,,,,,
5/11/2023,19.537,,,,,,,,,,,
5/12/2023,19.564,,,,,,,,,,,
5/15/2023,19.6553,,,,,,,,,,,
5/16/2023,19.7211,,,,,,,,,,,
5/17/2023,19.755,,,,,,,,,,,
5/18/2023,19.7917,,,,,,,,,,,
5/19/2023,19.8124,,,,,,,,,,,
5/22/2023,19.8246,,,,,,,,,,,
5/23/2023,19.8489,,,,,,,,,,,
5/24/2023,19.8912,,,,,,,,,,,
5/25/2023,19.9279,,,,,,,,,,,
5/26/2023,19.9662,,,,,,,,,,,
5/29/2023,20.0926,,,,,,,,,,,
5/30/2023,20.4955,,,,,,,,,,,
5/31/2023,20.7815,,,,,,,,,,,
6/1/2023,20.8023,,,,,,,,,,,
6/2/2023,20.9567,,,,,,,,,,,
6/5/2023,21.2569,,,,,,,,,,,
6/6/2023,21.5686,,,,,,,,,,,
6/7/2023,23.2553,,,,,,,,,,,
6/8/2023,23.1098,,,,,,,,,,,
6/9/2023,23.3834,,,,,,,,,,,
6/12/2023,23.6125,,,,,,,,,,,
6/13/2023,23.6313,,,,,,,,,,,
6/14/2023,23.5614,,,,,,,,,,,
6/15/2023,23.6458,,,,,,,,,,,
6/16/2023,23.6143,,,,,,,,,,,
6/19/2023,23.5748,,,,,,,,,,,
6/20/2023,23.5601,,,,,,,,,,,
6/21/2023,23.5664,,,,,,,,,,,
6/22/2023,24.8748,,,,,,,,,,,
6/23/2023,25.2305,,,,,,,,,,,
6/26/2023,25.9038,,,,,,,,,,,
6/27/2023,25.9814,,,,,,,,,,,
6/28/2023,26.0387,,,,,,,,,,,
6/29/2023,26.0194,,,,,,,,,,,
6/30/2023,25.8881,,,,,,,,,,,
7/3/2023,25.9212,,,,,,,,,,,
7/4/2023,25.9613,,,,,,,,,,,
7/5/2023,26.067,,,,,,,,,,,
7/6/2023,26.0728,,,,,,,,,,,
7/7/2023,26.0375,,,,,,,,,,,
7/10/2023,26.0886,,,,,,,,,,,
7/11/2023,26.0934,,,,,,,,,,,
7/12/2023,26.1246,,,,,,,,,,,
7/13/2023,26.0296,,,,,,,,,,,
7/14/2023,26.1253,,,,,,,,,,,
7/17/2023,26.3211,,,,,,,,,,,
7/18/2023,26.9155,,,,,,,,,,,
7/19/2023,26.7849,,,,,,,,,,,
7/20/2023,26.747,,,,,,,,,,,
7/21/2023,26.9681,,,,,,,,,,,
7/24/2023,26.9499,,,,,,,,,,,
7/25/2023,26.9079,,,,,,,,,,,
7/26/2023,26.907,,,,,,,,,,,
7/27/2023,26.9021,,,,,,,,,,,
7/28/2023,26.8765,,,,,,,,,,,
7/31/2023,26.9113,,,,,,,,,,,
8/1/2023,26.9178,,,,,,,,,,,
8/2/2023,26.9181,,,,,,,,,,,
8/3/2023,26.9555,,,,,,,,,,,
8/4/2023,26.914,,,,,,,,,,,
8/7/2023,26.9624,,,,,,,,,,,
8/8/2023,26.982,,,,,,,,,,,
8/9/2023,26.9901,,,,,,,,,,,
8/10/2023,26.9981,,,,,,,,,,,
8/11/2023,26.9654,,,,,,,,,,,
8/14/2023,27.0119,,,,,,,,,,,
8/15/2023,27.0472,,,,,,,,,,,
8/16/2023,27.043,,,,,,,,,,,
8/17/2023,27.0793,,,,,,,,,,,
8/18/2023,27.0689,,,,,,,,,,,
8/21/2023,27.1392,,,,,,,,,,,
8/22/2023,27.1721,,,,,,,,,,,
8/23/2023,27.1893,,,,,,,,,,,
8/24/2023,25.7736,,,,,,,,,,,
8/25/2023,26.5335,,,,,,,,,,,
8/28/2023,26.4642,,,,,,,,,,,
8/29/2023,26.5177,,,,,,,,,,,
8/30/2023,26.6899,,,,,,,,,,,
8/31/2023,26.6899,,,,,,,,,,,
9/1/2023,26.6917,,,,,,,,,,,
9/4/2023,26.7578,,,,,,,,,,,
9/5/2023,26.7615,,,,,,,,,,,
9/6/2023,26.8114,,,,,,,,,,,
9/7/2023,26.8106,,,,,,,,,,,
9/8/2023,26.8365,,,,,,,,,,,
9/11/2023,26.8663,,,,,,,,,,,
9/12/2023,26.8363,,,,,,,,,,,
9/13/2023,26.9321,,,,,,,,,,,
9/14/2023,26.945,,,,,,,,,,,
9/15/2023,26.982,,,,,,,,,,,
9/18/2023,27.0089,,,,,,,,,,,
9/19/2023,27.0115,,,,,,,,,,,
9/20/2023,26.9957,,,,,,,,,,,
9/21/2023,27.1371,,,,,,,,,,,
9/22/2023,27.1418,,,,,,,,,,,
9/25/2023,27.1993,,,,,,,,,,,
9/26/2023,27.2436,,,,,,,,,,,
9/27/2023,26.9039,,,,,,,,,,,
9/28/2023,27.3141,,,,,,,,,,,
9/29/2023,27.3824,,,,,,,,,,,
10/2/2023,27.4301,,,,,,,,,,,
10/3/2023,27.4357,,,,,,,,,,,
10/4/2023,27.5287,,,,,,,,,,,
10/5/2023,27.5588,,,,,,,,,,,
10/6/2023,27.5771,,,,,,,,,,,
10/9/2023,27.6736,,,,,,,,,,,
10/10/2023,27.721,,,,,,,,,,,
10/11/2023,27.6717,,,,,,,,,,,
10/12/2023,27.7247,,,,,,,,,,,
10/13/2023,27.7642,,,,,,,,,,,
10/16/2023,27.8561,,,,,,,,,,,
10/17/2023,27.9446,,,,,,,,,,,
10/18/2023,27.9745,,,,,,,,,,,
10/19/2023,27.981,,,,,,,,,,,
10/20/2023,27.9433,,,,,,,,,,,
10/23/2023,28.0652,,,,,,,,,,,
10/24/2023,28.0921,,,,,,,,,,,
10/25/2023,28.1237,,,,,,,,,,,
10/26/2023,28.1377,,,,,,,,,,,
10/27/2023,28.1667,,,,,,,,,,,
10/30/2023,28.245,,,,,,,,,,,
10/31/2023,28.2995,,,,,,,,,,,
11/1/2023,28.3294,,,,,,,,,,,
11/2/2023,28.3246,,,,,,,,,,,
11/3/2023,28.3801,,,,,,,,,,,
11/6/2023,28.4367,,,,,,,,,,,
11/7/2023,28.4916,,,,,,,,,,,
11/8/2023,28.4479,,,,,,,,,,,
11/9/2023,28.4655,,,,,,,,,,,
11/10/2023,28.5481,,,,,,,,,,,
11/13/2023,28.5929,,,,,,,,,,,
11/14/2023,28.6318,,,,,,,,,,,
11/15/2023,28.6809,,,,,,,,,,,
11/16/2023,28.6547,,,,,,,,,,,
11/17/2023,28.6774,,,,,,,,,,,
11/20/2023,28.7431,,,,,,,,,,,
11/21/2023,28.7802,,,,,,,,,,,
11/22/2023,28.852,,,,,,,,,,,
11/23/2023,28.8257,,,,,,,,,,,
11/24/2023,28.8595,,,,,,,,,,,
11/27/2023,28.9042,,,,,,,,,,,
11/28/2023,28.9046,,,,,,,,,,,
11/29/2023,28.9259,,,,,,,,,,,
11/30/2023,28.8699,,,,,,,,,,,
12/1/2023,28.896,,,,,,,,,,,
12/4/2023,28.9143,,,,,,,,,,,
12/5/2023,28.884,,,,,,,,,,,
12/6/2023,28.9123,,,,,,,,,,,
12/7/2023,28.9199,,,,,,,,,,,
12/8/2023,28.9846,,,,,,,,,,,
12/11/2023,29.0011,,,,,,,,,,,
12/12/2023,28.9958,,,,,,,,,,,
12/13/2023,28.9699,,,,,,,,,,,
12/14/2023,28.9604,,,,,,,,,,,
12/15/2023,28.9791,,,,,,,,,,,
12/18/2023,29.0582,,,,,,,,,,,
12/19/2023,29.0934,,,,,,,,,,,
12/20/2023,29.1302,,,,,,,,,,,
12/21/2023,29.1522,,,,,,,,,,,
12/22/2023,29.2107,,,,,,,,,,,
12/25/2023,29.152,,,,,,,,,,,
12/26/2023,29.2725,,,,,,,,,,,
12/27/2023,29.3874,,,,,,,,,,,
12/28/2023,29.435,,,,,,,,,,,
12/29/2023,29.5711,,,,,,,,,,,
1/1/2024,29.5134,,,,,,,,,,,
1/2/2024,29.7309,,,,,,,,,,,
1/3/2024,29.7691,,,,,,,,,,,
1/4/2024,29.7529,,,,,,,,,,,
1/5/2024,29.8403,,,,,,,,,,,
1/8/2024,29.8705,,,,,,,,,,,
1/9/2024,29.9245,,,,,,,,,,,
1/10/2024,29.9598,,,,,,,,,,,
1/11/2024,29.9971,,,,,,,,,,,
1/12/2024,30.098,,,,,,,,,,,
1/15/2024,30.0779,,,,,,,,,,,
1/16/2024,30.1,,,,,,,,,,,
1/17/2024,30.129,,,,,,,,,,,
1/18/2024,30.1332,,,,,,,,,,,
1/19/2024,30.2005,,,,,,,,,,,
1/22/2024,30.2562,,,,,,,,,,,
1/23/2024,30.2164,,,,,,,,,,,
1/24/2024,30.2349,,,,,,,,,,,
1/25/2024,30.2424,,,,,,,,,,,
1/26/2024,30.0999,,,,,,,,,,,
1/29/2024,30.3456,,,,,,,,,,,
1/30/2024,30.3488,,,,,,,,,,,
1/31/2024,30.3454,,,,,,,,,,,
2/1/2024,30.3329,,,,,,,,,,,
2/2/2024,30.4907,,,,,,,,,,,
2/5/2024,30.5514,,,,,,,,,,,
2/6/2024,30.5517,,,,,,,,,,,
2/7/2024,30.5837,,,,,,,,,,,
2/8/2024,30.5893,,,,,,,,,,,
2/9/2024,30.6745,,,,,,,,,,,
2/12/2024,30.7137,,,,,,,,,,,
2/13/2024,30.7063,,,,,,,,,,,
2/14/2024,30.7433,,,,,,,,,,,
2/15/2024,30.7253,,,,,,,,,,,
2/16/2024,30.839,,,,,,,,,,,
2/19/2024,30.8376,,,,,,,,,,,
2/20/2024,30.9105,,,,,,,,,,,
2/21/2024,31.0042,,,,,,,,,,,
2/22/2024,30.9876,,,,,,,,,,,
2/23/2024,31.0391,,,,,,,,,,,
2/26/2024,31.0937,,,,,,,,,,,
2/27/2024,31.1427,,,,,,,,,,,
2/28/2024,31.2017,,,,,,,,,,,
2/29/2024,31.2335,,,,,,,,,,,
3/1/2024,31.3634,,,,,,,,,,,
3/4/2024,31.5712,,,,,,,,,,,
3/5/2024,31.5876,,,,,,,,,,,
3/6/2024,31.7653,,,,,,,,,,,
3/7/2024,31.8177,,,,,,,,,,,
3/8/2024,31.9088,,,,,,,,,,,
3/11/2024,32.022,,,,,,,,,,,
3/12/2024,32.0589,,,,,,,,,,,
3/13/2024,32.0416,,,,,,,,,,,
3/14/2024,32.1327,,,,,,,,,,,
3/15/2024,32.1271,,,,,,,,,,,
3/18/2024,32.2803,,,,,,,,,,,
3/19/2024,32.3476,,,,,,,,,,,
3/20/2024,32.3779,,,,,,,,,,,
3/21/2024,32.0211,,,,,,,,,,,
3/22/2024,31.9679,,,,,,,,,,,
3/25/2024,32.1128,,,,,,,,,,,
3/26/2024,32.1354,,,,,,,,,,,
3/27/2024,32.256,,,,,,,,,,,
3/28/2024,32.3174,,,,,,,,,,,
3/29/2024,32.3984,,,,,,,,,,,
4/1/2024,32.1785,,,,,,,,,,,
4/2/2024,32.0214,,,,,,,,,,,
4/3/2024,31.9543,,,,,,,,,,,
4/4/2024,31.8958,,,,,,,,,,,
4/5/2024,32.0158,,,,,,,,,,,
4/8/2024,32.0122,,,,,,,,,,,
4/9/2024,32.2378,,,,,,,,,,,
4/10/2024,32.2842,,,,,,,,,,,
4/11/2024,32.2783,,,,,,,,,,,
4/12/2024,32.3565,,,,,,,,,,,
4/15/2024,32.4045,,,,,,,,,,,
4/16/2024,32.4515,,,,,,,,,,,
4/17/2024,32.3808,,,,,,,,,,,
4/18/2024,32.4747,,,,,,,,,,,
4/19/2024,32.5004,,,,,,,,,,,
4/22/2024,32.5131,,,,,,,,,,,
4/23/2024,32.5468,,,,,,,,,,,
4/24/2024,32.54,,,,,,,,,,,
4/25/2024,32.5105,,,,,,,,,,,
4/26/2024,32.4375,,,,,,,,,,,
4/29/2024,32.4363,,,,,,,,,,,
4/30/2024,32.3795,,,,,,,,,,,
5/1/2024,32.4788,,,,,,,,,,,
5/2/2024,32.3591,,,,,,,,,,,
5/3/2024,32.3374,,,,,,,,,,,
5/6/2024,32.2398,,,,,,,,,,,
5/7/2024,32.257,,,,,,,,,,,
5/8/2024,32.2468,,,,,,,,,,,
5/9/2024,32.2398,,,,,,,,,,,
5/10/2024,32.2081,,,,,,,,,,,
5/13/2024,32.2788,,,,,,,,,,,
5/14/2024,32.2618,,,,,,,,,,,
5/15/2024,32.1624,,,,,,,,,,,
5/16/2024,32.2745,,,,,,,,,,,
5/17/2024,32.202,,,,,,,,,,,
5/20/2024,32.184,,,,,,,,,,,
5/21/2024,32.1427,,,,,,,,,,,
5/22/2024,32.1662,,,,,,,,,,,
5/23/2024,32.1791,,,,,,,,,,,
5/24/2024,32.2247,,,,,,,,,,,
5/27/2024,32.1324,,,,,,,,,,,
5/28/2024,32.2213,,,,,,,,,,,
5/29/2024,32.2181,,,,,,,,,,,
5/30/2024,32.1822,,,,,,,,,,,
5/31/2024,32.2329,,,,,,,,,,,
6/3/2024,32.149,,,,,,,,,,,
6/4/2024,32.529,,,,,,,,,,,
6/5/2024,32.2163,,,,,,,,,,,
6/6/2024,32.2076,,,,,,,,,,,
6/7/2024,32.3,,,,,,,,,,,
6/10/2024,32.3566,,,,,,,,,,,
6/11/2024,32.3413,,,,,,,,,,,
6/12/2024,32.3088,,,,,,,,,,,
6/13/2024,32.2852,,,,,,,,,,,
6/14/2024,32.7682,,,,,,,,,,,
6/17/2024,32.793,,,,,,,,,,,
6/18/2024,32.5128,,,,,,,,,,,
6/19/2024,32.5026,,,,,,,,,,,
6/20/2024,32.8109,,,,,,,,,,,
6/21/2024,32.8221,,,,,,,,,,,
6/24/2024,32.8946,,,,,,,,,,,
6/25/2024,32.9356,,,,,,,,,,,
6/26/2024,32.8128,,,,,,,,,,,
6/27/2024,32.8278,,,,,,,,,,,
6/28/2024,32.7525,,,,,,,,,,,
7/1/2024,32.6446,,,,,,,,,,,
7/2/2024,32.517,,,,,,,,,,,
7/3/2024,32.5192,,,,,,,,,,,
7/4/2024,32.5584,,,,,,,,,,,
7/5/2024,32.661,,,,,,,,,,,
7/8/2024,32.6925,,,,,,,,,,,
7/9/2024,32.8481,,,,,,,,,,,
7/10/2024,32.8188,,,,,,,,,,,
7/11/2024,32.8078,,,,,,,,,,,
7/12/2024,33.0372,,,,,,,,,,,
7/15/2024,32.9742,,,,,,,,,,,
7/16/2024,33.0252,,,,,,,,,,,
7/17/2024,33.0562,,,,,,,,,,,
7/18/2024,33.0595,,,,,,,,,,,
7/19/2024,33.0413,,,,,,,,,,,
7/22/2024,32.8963,,,,,,,,,,,
7/23/2024,32.8492,,,,,,,,,,,
7/24/2024,32.8069,,,,,,,,,,,
7/25/2024,32.9827,,,,,,,,,,,
7/26/2024,32.9449,,,,,,,,,,,
7/29/2024,33.0711,,,,,,,,,,,
7/30/2024,33.0577,,,,,,,,,,,
7/31/2024,33.1513,,,,,,,,,,,
8/1/2024,33.0852,,,,,,,,,,,
8/2/2024,33.2012,,,,,,,,,,,
8/5/2024,33.3451,,,,,,,,,,,
8/6/2024,33.5981,,,,,,,,,,,
8/7/2024,33.4399,,,,,,,,,,,
8/8/2024,33.4842,,,,,,,,,,,
8/9/2024,33.491,,,,,,,,,,,
8/12/2024,33.5916,,,,,,,,,,,
8/13/2024,33.5335,,,,,,,,,,,
8/14/2024,33.5803,,,,,,,,,,,
8/15/2024,33.6102,,,,,,,,,,,
8/16/2024,33.6825,,,,,,,,,,,
8/19/2024,33.7433,,,,,,,,,,,
8/20/2024,33.8598,,,,,,,,,,,
8/21/2024,33.8521,,,,,,,,,,,
8/22/2024,33.8864,,,,,,,,,,,
8/23/2024,33.9767,,,,,,,,,,,
8/26/2024,33.9757,,,,,,,,,,,
8/27/2024,33.9985,,,,,,,,,,,
8/28/2024,34.0385,,,,,,,,,,,
8/29/2024,34.0697,,,,,,,,,,,
8/30/2024,34.0669,,,,,,,,,,,
9/2/2024,33.878,,,,,,,,,,,
9/3/2024,33.982,,,,,,,,,,,
9/4/2024,34.0158,,,,,,,,,,,
9/5/2024,33.9376,,,,,,,,,,,
9/6/2024,33.9762,,,,,,,,,,,
9/9/2024,34.0428,,,,,,,,,,,
9/10/2024,34.0306,,,,,,,,,,,
9/11/2024,33.9557,,,,,,,,,,,
9/12/2024,33.8832,,,,,,,,,,,
9/13/2024,33.8935,,,,,,,,,,,
9/16/2024,33.9773,,,,,,,,,,,
9/17/2024,34.0729,,,,,,,,,,,
9/18/2024,34.0617,,,,,,,,,,,
9/19/2024,34.0168,,,,,,,,,,,
9/20/2024,34.0973,,,,,,,,,,,
9/23/2024,34.1205,,,,,,,,,,,
9/24/2024,34.1089,,,,,,,,,,,
9/25/2024,34.1316,,,,,,,,,,,
9/26/2024,34.1374,,,,,,,,,,,
9/27/2024,34.1623,,,,,,,,,,,
9/30/2024,34.1833,,,,,,,,,,,
10/1/2024,34.2059,,,,,,,,,,,
10/2/2024,34.1633,,,,,,,,,,,
10/3/2024,34.1435,,,,,,,,,,,
10/4/2024,34.2398,,,,,,,,,,,
10/7/2024,34.2276,,,,,,,,,,,
10/8/2024,34.2617,,,,,,,,,,,
10/9/2024,34.2158,,,,,,,,,,,
10/10/2024,34.1664,,,,,,,,,,,
10/11/2024,34.2714,,,,,,,,,,,
10/14/2024,34.2605,,,,,,,,,,,
10/15/2024,34.1951,,,,,,,,,,,
10/16/2024,34.1617,,,,,,,,,,,
10/17/2024,34.1203,,,,,,,,,,,
10/18/2024,34.2271,,,,,,,,,,,
10/21/2024,34.218,,,,,,,,,,,
10/22/2024,34.258,,,,,,,,,,,
10/23/2024,34.2763,,,,,,,,,,,
10/24/2024,34.2255,,,,,,,,,,,
10/25/2024,34.2863,,,,,,,,,,,
10/28/2024,34.2911,,,,,,,,,,,
10/29/2024,34.2741,,,,,,,,,,,
10/30/2024,34.253,,,,,,,,,,,
10/31/2024,34.2451,,,,,,,,,,,
11/1/2024,34.3061,,,,,,,,,,,
11/4/2024,34.3406,,,,,,,,,,,
11/5/2024,34.2819,,,,,,,,,,,
11/6/2024,34.1941,,,,,,,,,,,
11/7/2024,34.2225,,,,,,,,,,,
11/8/2024,34.3826,,,,,,,,,,,
11/11/2024,34.3262,,,,,,,,,,,
11/12/2024,34.3604,,,,,,,,,,,
11/13/2024,34.356,,,,,,,,,,,
11/14/2024,34.3324,,,,,,,,,,,
11/15/2024,34.4347,,,,,,,,,,,
11/18/2024,34.5492,,,,,,,,,,,
11/19/2024,34.4818,,,,,,,,,,,
11/20/2024,34.4605,,,,,,,,,,,
11/21/2024,34.4788,,,,,,,,,,,
11/22/2024,34.5424,,,,,,,,,,,
11/25/2024,34.5573,,,,,,,,,,,
11/26/2024,34.6445,,,,,,,,,,,
11/27/2024,34.6373,,,,,,,,,,,
11/28/2024,34.6011,,,,,,,,,,,
11/29/2024,34.6904,,,,,,,,,,,
12/2/2024,34.7145,,,,,,,,,,,
12/3/2024,34.7341,,,,,,,,,,,
12/4/2024,34.7258,,,,,,,,,,,
12/5/2024,34.6852,,,,,,,,,,,
12/6/2024,34.7784,,,,,,,,,,,
12/9/2024,34.8218,,,,,,,,,,,
12/10/2024,34.8404,,,,,,,,,,,
12/11/2024,34.8654,,,,,,,,,,,
12/12/2024,34.8925,,,,,,,,,,,
12/13/2024,34.9466,,,,,,,,,,,
12/16/2024,34.9405,,,,,,,,,,,
12/17/2024,34.9865,,,,,,,,,,,
12/18/2024,35.0379,,,,,,,,,,,
12/19/2024,35.0923,,,,,,,,,,,
12/20/2024,35.1981,,,,,,,,,,,
12/23/2024,35.1932,,,,,,,,,,,
12/24/2024,35.17,,,,,,,,,,,
12/25/2024,35.2215,,,,,,,,,,,
12/26/2024,35.1498,,,,,,,,,,,
12/27/2024,35.1564,,,,,,,,,,,
12/30/2024,35.3234,,,,,,,,,,,
12/31/2024,35.3711,,,,,,,,,,,
1/1/2025,35.3659,,,,,,,,,,,
1/2/2025,35.326,,,,,,,,,,,
1/3/2025,35.3743,,,,,,,,,,,
1/6/2025,35.304,,,,,,,,,,,
1/7/2025,35.3377,,,,,,,,,,,
1/8/2025,35.3389,,,,,,,,,,,
1/9/2025,35.3286,,,,,,,,,,,
1/10/2025,35.4226,,,,,,,,,,,
1/13/2025,35.4877,,,,,,,,,,,
1/14/2025,35.4793,,,,,,,,,,,
1/15/2025,35.4613,,,,,,,,,,,
1/16/2025,35.4275,,,,,,,,,,,
1/17/2025,35.4856,,,,,,,,,,,
1/20/2025,35.5675,,,,,,,,,,,
1/21/2025,35.62,,,,,,,,,,,
1/22/2025,35.6452,,,,,,,,,,,
1/23/2025,35.6339,,,,,,,,,,,
1/24/2025,35.6798,,,,,,,,,,,
1/27/2025,35.7431,,,,,,,,,,,
1/28/2025,35.7352,,,,,,,,,,,
1/29/2025,35.7944,,,,,,,,,,,
1/30/2025,35.7721,,,,,,,,,,,
1/31/2025,35.844,,,,,,,,,,,
2/3/2025,35.9745,,,,,,,,,,,
2/4/2025,35.9325,,,,,,,,,,,
2/5/2025,35.9044,,,,,,,,,,,
2/6/2025,35.8882,,,,,,,,,,,
2/7/2025,35.9677,,,,,,,,,,,
2/10/2025,35.9951,,,,,,,,,,,
2/11/2025,36.0423,,,,,,,,,,,
2/12/2025,36.1027,,,,,,,,,,,
2/13/2025,36.0963,,,,,,,,,,,
2/14/2025,36.2225,,,,,,,,,,,
2/17/2025,36.2417,,,,,,,,,,,
2/18/2025,36.2722,,,,,,,,,,,
2/19/2025,36.2922,,,,,,,,,,,
2/20/2025,36.2991,,,,,,,,,,,
2/21/2025,36.4339,,,,,,,,,,,
2/24/2025,36.434,,,,,,,,,,,
2/25/2025,36.4455,,,,,,,,,,,
2/26/2025,36.4511,,,,,,,,,,,
2/27/2025,36.4292,,,,,,,,,,,
2/28/2025,36.4935,,,,,,,,,,,
3/3/2025,36.438,,,,,,,,,,,
3/4/2025,36.4371,,,,,,,,,,,
3/5/2025,36.4178,,,,,,,,,,,
3/6/2025,36.4023,,,,,,,,,,,
3/7/2025,36.475,,,,,,,,,,,
3/10/2025,36.5508,,,,,,,,,,,
3/11/2025,36.5873,,,,,,,,,,,
3/12/2025,36.5878,,,,,,,,,,,
3/13/2025,36.607,,,,,,,,,,,
3/14/2025,36.6383,,,,,,,,,,,
3/17/2025,36.6454,,,,,,,,,,,
3/18/2025,36.6908,,,,,,,,,,,
3/19/2025,37.808,,,,,,,,,,,
3/20/2025,37.8242,,,,,,,,,,,
3/21/2025,37.839,,,,,,,,,,,
3/24/2025,37.9769,,,,,,,,,,,
3/25/2025,37.979,,,,,,,,,,,
3/26/2025,37.9973,,,,,,,,,,,
3/27/2025,37.9622,,,,,,,,,,,
3/28/2025,37.9821,,,,,,,,,,,
3/31/2025,37.9447,,,,,,,,,,,
4/1/2025,37.9461,,,,,,,,,,,
4/2/2025,37.9435,,,,,,,,,,,
4/3/2025,37.9101,,,,,,,,,,,
4/4/2025,37.9772,,,,,,,,,,,
4/7/2025,37.9771,,,,,,,,,,,
4/8/2025,37.9207,,,,,,,,,,,
4/9/2025,37.9793,,,,,,,,,,,
4/10/2025,37.9132,,,,,,,,,,,
4/11/2025,38.03,,,,,,,,,,,
4/14/2025,38.032,,,,,,,,,,,
4/15/2025,38.0832,,,,,,,,,,,
4/16/2025,38.1278,,,,,,,,,,,
4/17/2025,37.9702,,,,,,,,,,,
4/18/2025,38.1008,,,,,,,,,,,
4/21/2025,38.212,,,,,,,,,,,
4/22/2025,38.2629,,,,,,,,,,,
4/23/2025,38.3008,,,,,,,,,,,
4/24/2025,38.3395,,,,,,,,,,,
4/25/2025,38.4149,,,,,,,,,,,
4/28/2025,38.4339,,,,,,,,,,,
4/29/2025,38.4866,,,,,,,,,,,
4/30/2025,38.4903,,,,,,,,,,,
5/1/2025,38.4421,,,,,,,,,,,
5/2/2025,38.5687,,,,,,,,,,,
5/5/2025,38.5637,,,,,,,,,,,
5/6/2025,38.6239,,,,,,,,,,,
5/7/2025,38.6504,,,,,,,,,,,
5/8/2025,38.6112,,,,,,,,,,,
5/9/2025,38.7612,,,,,,,,,,,
5/12/2025,38.7747,,,,,,,,,,,
5/13/2025,38.7892,,,,,,,,,,,
5/14/2025,38.7704,,,,,,,,,,,
5/15/2025,38.7145,,,,,,,,,,,
5/16/2025,38.852,,,,,,,,,,,
5/19/2025,38.8038,,,,,,,,,,,
5/20/2025,38.8394,,,,,,,,,,,
5/21/2025,38.8704,,,,,,,,,,,
5/22/2025,38.9174,,,,,,,,,,,
5/23/2025,38.9344,,,,,,,,,,,
5/26/2025,38.9598,,,,,,,,,,,
5/27/2025,38.9837,,,,,,,,,,,
5/28/2025,39.097,,,,,,,,,,,
5/29/2025,39.1054,,,,,,,,,,,
5/30/2025,39.2289,,,,,,,,,,,
6/2/2025,39.1961,,,,,,,,,,,
6/3/2025,39.1492,,,,,,,,,,,
6/4/2025,39.1642,,,,,,,,,,,
6/5/2025,39.2864,,,,,,,,,,,
6/6/2025,39.2423,,,,,,,,,,,
6/9/2025,39.2561,,,,,,,,,,,
6/10/2025,39.2056,,,,,,,,,,,
6/11/2025,39.1681,,,,,,,,,,,
6/12/2025,39.3445,,,,,,,,,,,
6/13/2025,39.2169,,,,,,,,,,,
6/16/2025,39.3602,,,,,,,,,,,
6/17/2025,39.4751,,,,,,,,,,,
6/18/2025,39.516,,,,,,,,,,,
6/19/2025,39.6085,,,,,,,,,,,
6/20/2025,39.6706,,,,,,,,,,,
6/23/2025,39.6149,,,,,,,,,,,
6/24/2025,39.5944,,,,,,,,,,,
6/25/2025,39.7576,,,,,,,,,,,
6/26/2025,39.7712,,,,,,,,,,,
6/27/2025,39.8993,,,,,,,,,,,
6/30/2025,39.8102,,,,,,,,,,,
7/1/2025,39.8237,,,,,,,,,,,
7/2/2025,39.7761,,,,,,,,,,,
7/3/2025,39.8232,,,,,,,,,,,
7/4/2025,39.862,,,,,,,,,,,
7/7/2025,39.9734,,,,,,,,,,,
7/8/2025,40.0353,,,,,,,,,,,
7/9/2025,40.0431,,,,,,,,,,,
7/10/2025,40.0815,,,,,,,,,,,
7/11/2025,40.1704,,,,,,,,,,,
7/14/2025,40.1734,,,,,,,,,,,
7/15/2025,40.2048,,,,,,,,,,,
7/16/2025,40.2497,,,,,,,,,,,
7/17/2025,40.2957,,,,,,,,,,,
7/18/2025,40.3912,,,,,,,,,,,
7/21/2025,40.3844,,,,,,,,,,,
7/22/2025,40.4147,,,,,,,,,,,
7/23/2025,40.4534,,,,,,,,,,,
7/24/2025,40.7511,,,,,,,,,,,
7/25/2025,40.5557,,,,,,,,,,,
7/28/2025,40.5562,,,,,,,,,,,
7/29/2025,40.5763,,,,,,,,,,,
7/30/2025,40.5856,,,,,,,,,,,
7/31/2025,40.638,,,,,,,,,,,
8/1/2025,40.647,,,,,,,,,,,
8/4/2025,40.6608,,,,,,,,,,,
8/5/2025,40.6734,,,,,,,,,,,
8/6/2025,40.6454,,,,,,,,,,,
8/7/2025,40.6128,,,,,,,,,,,
8/8/2025,40.6825,,,,,,,,,,,
8/11/2025,40.7088,,,,,,,,,,,
8/12/2025,40.7258,,,,,,,,,,,
8/13/2025,40.7739,,,,,,,,,,,
8/14/2025,40.8279,,,,,,,,,,,
8/15/2025,40.8638,,,,,,,,,,,
8/18/2025,40.8789,,,,,,,,,,,
8/19/2025,40.8937,,,,,,,,,,,
8/20/2025,40.9321,,,,,,,,,,,
8/21/2025,40.9374,,,,,,,,,,,
8/22/2025,40.988,,,,,,,,,,,
8/25/2025,40.9925,,,,,,,,,,,
8/26/2025,41.0433,,,,,,,,,,,
8/27/2025,41.0374,,,,,,,,,,,
8/28/2025,41.0458,,,,,,,,,,,
8/29/2025,41.1402,,,,,,,,,,,
9/1/2025,41.1162,,,,,,,,,,,
9/2/2025,41.1404,,,,,,,,,,,
9/3/2025,41.1597,,,,,,,,,,,
9/4/2025,41.1573,,,,,,,,,,,
9/5/2025,41.2411,,,,,,,,,,,
9/8/2025,41.2487,,,,,,,,,,,
9/9/2025,41.2581,,,,,,,,,,,
9/10/2025,41.2704,,,,,,,,,,,
9/11/2025,41.3269,,,,,,,,,,,
9/12/2025,41.3597,,,,,,,,,,,
9/15/2025,41.2925,,,,,,,,,,,
9/16/2025,41.2349,,,,,,,,,,,
9/17/2025,41.2799,,,,,,,,,,,
9/18/2025,41.2899,,,,,,,,,,,
9/19/2025,41.3754,,,,,,,,,,,
9/22/2025,41.3658,,,,,,,,,,,
9/23/2025,41.3941,,,,,,,,,,,
9/24/2025,41.4428,,,,,,,,,,,
9/25/2025,41.4835,,,,,,,,,,,
9/26/2025,41.5663,,,,,,,,,,,
9/29/2025,41.5876,,,,,,,,,,,
9/30/2025,41.5853,,,,,,,,,,,
10/1/2025,41.5626,,,,,,,,,,,
10/2/2025,41.6007,,,,,,,,,,,
10/3/2025,41.6842,,,,,,,,,,,
10/6/2025,41.6917,,,,,,,,,,,
10/7/2025,41.6921,,,,,,,,,,,
10/8/2025,41.6959,,,,,,,,,,,
10/9/2025,41.7439,,,,,,,,,,,
10/10/2025,41.8312,,,,,,,,,,,
10/13/2025,41.8054,,,,,,,,,,,
10/14/2025,41.8173,,,,,,,,,,,
10/15/2025,41.8402,,,,,,,,,,,
10/16/2025,41.8426,,,,,,,,,,,
10/17/2025,41.9043,,,,,,,,,,,
10/20/2025,41.9564,,,,,,,,,,,
10/21/2025,41.97,,,,,,,,,,,
10/22/2025,41.9703,,,,,,,,,,,
10/23/2025,42.0024,,,,,,,,,,,
10/24/2025,41.9391,,,,,,,,,,,
10/27/2025,41.877,,,,,,,,,,,
10/28/2025,41.9357,,,,,,,,,,,
10/29/2025,41.9493,,,,,,,,,,,
10/30/2025,41.9615,,,,,,,,,,,
10/31/2025,42.0611,,,,,,,,,,,
11/3/2025,42.049,,,,,,,,,,,
11/4/2025,42.0909,,,,,,,,,,,
11/5/2025,42.0903,,,,,,,,,,,
11/6/2025,42.105,,,,,,,,,,,
11/7/2025,42.2081,,,,,,,,,,,
11/10/2025,42.2331,,,,,,,,,,,
11/11/2025,42.2206,,,,,,,,,,,
11/12/2025,42.2306,,,,,,,,,,,
11/13/2025,42.2506,,,,,,,,,,,
11/14/2025,42.2451,,,,,,,,,,,
11/17/2025,42.3089,,,,,,,,,,,
11/18/2025,42.3322,,,,,,,,,,,
11/19/2025,42.3518,,,,,,,,,,,
11/20/2025,42.3676,,,,,,,,,,,
11/21/2025,42.4369,,,,,,,,,,,
11/24/2025,42.4184,,,,,,,,,,,
11/25/2025,42.4144,,,,,,,,,,,
11/26/2025,42.4397,,,,,,,,,,,
11/27/2025,42.435,,,,,,,,,,,
11/28/2025,42.5007,,,,,,,,,,,
12/1/2025,42.4321,,,,,,,,,,,
12/2/2025,42.4447,,,,,,,,,,,
12/3/2025,42.4437,,,,,,,,,,,
12/4/2025,42.4994,,,,,,,,,,,
12/5/2025,42.5291,,,,,,,,,,,
12/8/2025,42.5687,,,,,,,,,,,
12/9/2025,42.5875,,,,,,,,,,,
12/10/2025,42.5938,,,,,,,,,,,
12/11/2025,42.5971,,,,,,,,,,,
12/12/2025,42.6945,,,,,,,,,,,
12/15/2025,42.6941,,,,,,,,,,,
12/16/2025,42.6948,,,,,,,,,,,
12/17/2025,42.7184,,,,,,,,,,,
12/18/2025,42.728,,,,,,,,,,,
12/19/2025,42.8012,,,,,,,,,,,
12/22/2025,42.8122,,,,,,,,,,,
12/23/2025,42.8227,,,,,,,,,,,
12/24/2025,42.8411,,,,,,,,,,,
12/25/2025,42.8461,,,,,,,,,,,
12/26/2025,42.9027,,,,,,,,,,,
12/29/2025,42.9289,,,,,,,,,,,
12/30/2025,42.934,,,,,,,,,,,
12/31/2025,42.9256,,,,,,,,,,,
1/1/2026,42.9562,,,,,,,,,,,
1/2/2026,43.0237,,,,,,,,,,,
1/5/2026,43.0151,,,,,,,,,,,
1/6/2026,43.0317,,,,,,,,,,,
1/7/2026,43.0342,,,,,,,,,,,
1/8/2026,43.0385,,,,,,,,,,,
1/9/2026,43.1297,,,,,,,,,,,
1/12/2026,43.1112,,,,,,,,,,,
1/13/2026,43.1528,,,,,,,,,,,
1/14/2026,43.1739,,,,,,,,,,,
1/15/2026,43.1825,,,,,,,,,,,
1/16/2026,43.2756,,,,,,,,,,,
1/19/2026,43.2572,,,,,,,,,,,
1/20/2026,43.2731,,,,,,,,,,,
1/21/2026,43.2949,,,,,,,,,,,
1/22/2026,43.2557,,,,,,,,,,,
1/23/2026,43.363,,,,,,,,,,,
1/26/2026,43.3512,,,,,,,,,,,
1/27/2026,43.4006,,,,,,,,,,,
1/28/2026,43.3978,,,,,,,,,,,
1/29/2026,43.4066,,,,,,,,,,,
1/30/2026,43.4888,,,,,,,,,,,
2/2/2026,43.4709,,,,,,,,,,,
2/3/2026,43.4814,,,,,,,,,,,
2/4/2026,43.5189,,,,,,,,,,,
2/5/2026,43.5344,,,,,,,,,,,
2/6/2026,43.6024,,,,,,,,,,,
2/9/2026,43.5901,,,,,,,,,,,
2/10/2026,43.6254,,,,,,,,,,,
2/11/2026,43.6403,,,,,,,,,,,
2/12/2026,43.645,,,,,,,,,,,
2/13/2026,43.7288,,,,,,,,,,,
2/16/2026,43.704,,,,,,,,,,,
2/17/2026,43.7239,,,,,,,,,,,
2/18/2026,43.7597,,,,,,,,,,,
2/19/2026,43.7574,,,,,,,,,,,
2/20/2026,43.829,,,,,,,,,,,
2/23/2026,43.835,,,,,,,,,,,
2/24/2026,43.8432,,,,,,,,,,,
2/25/2026,43.865,,,,,,,,,,,
2/26/2026,43.8838,,,,,,,,,,,
2/27/2026,43.9347,,,,,,,,,,,
3/2/2026,43.9517,,,,,,,,,,,
3/3/2026,43.9584,,,,,,,,,,,
3/4/2026,43.9555,,,,,,,,,,,
3/5/2026,43.9944,,,,,,,,,,,
3/6/2026,44.068,,,,,,,,,,,
3/9/2026,44.0366,,,,,,,,,,,
3/10/2026,44.0652,,,,,,,,,,,
3/11/2026,44.0828,,,,,,,,,,,
3/12/2026,44.1219,,,,,,,,,,,
3/13/2026,44.2207,,,,,,,,,,,
3/16/2026,44.1694,,,,,,,,,,,
3/17/2026,44.1903,,,,,,,,,,,
3/18/2026,44.2112,,,,,,,,,,,
3/19/2026,44.2949,,,,,,,,,,,
3/20/2026,44.2976,,,,,,,,,,,
3/23/2026,44.3048,,,,,,,,,,,
3/24/2026,44.3373,,,,,,,,,,,
3/25/2026,44.3411,,,,,,,,,,,
3/26/2026,44.333,,,,,,,,,,,
3/27/2026,44.42,,,,,,,,,,,
3/30/2026,44.4456,,,,,,,,,,,
3/31/2026,44.4499,,,,,,,,,,,
4/1/2026,44.4705,,,,,,,,,,,
4/2/2026,44.461,,,,,,,,,,,
4/3/2026,44.5811,,,,,,,,,,,
4/6/2026,44.5698,,,,,,,,,,,
4/7/2026,44.6045,,,,,,,,,,,
4/8/2026,44.5158,,,,,,,,,,,
4/9/2026,44.5674,,,,,,,,,,,
4/10/2026,44.6144,,,,,,,,,,,
4/13/2026,44.6864,,,,,,,,,,,
4/14/2026,44.7241,,,,,,,,,,,
4/15/2026,44.745,,,,,,,,,,,
4/16/2026,44.7541,,,,,,,,,,,
4/17/2026,44.8573,,,,,,,,,,,
4/20/2026,44.8643,,,,,,,,,,,
4/21/2026,44.879,,,,,,,,,,,
4/22/2026,44.9199,,,,,,,,,,,
4/23/2026,44.9251,,,,,,,,,,,
4/24/2026,45.0098,,,,,,,,,,,
4/27/2026,45.0347,,,,,,,,,,,
4/28/2026,45.049,,,,,,,,,,,
4/29/2026,45.1137,,,,,,,,,,,
4/30/2026,45.1863,,,,,,,,,,,
5/1/2026,45.1846,,,,,,,,,,,
5/4/2026,45.1901,,,,,,,,,,,
5/5/2026,45.2168,,,,,,,,,,,
5/6/2026,45.2134,,,,,,,,,,,
5/7/2026,45.2441,,,,,,,,,,,
5/8/2026,45.3532,,,,,,,,,,,
5/11/2026,45.3541,,,,,,,,,,,
5/12/2026,45.382,,,,,,,,,,,
5/13/2026,45.4209,,,,,,,,,,,
5/14/2026,45.4325,,,,,,,,,,,
5/15/2026,45.5176,,,,,,,,,,,
5/18/2026,45.578,,,,,,,,,,,
5/19/2026,45.5808,,,,,,,,,,,
5/20/2026,45.5888,,,,,,,,,,,
5/21/2026,45.5904,,,,,,,,,,,
5/22/2026,45.7362,,,,,,,,,,,
5/25/2026,45.6907,,,,,,,,,,,
5/26/2026,45.8839,,,,,,,,,,,
5/27/2026,45.9088,,,,,,,,,,,
5/28/2026,45.8729,,,,,,,,,,,
5/29/2026,45.8248,,,,,,,,,,,
6/1/2026,45.9011,,,,,,,,,,,
6/2/2026,45.9392,,,,,,,,,,,
6/3/2026,45.9653,,,,,,,,,,,
6/4/2026,46.0303,,,,,,,,,,,
6/5/2026,46.0408,,,,,,,,,,,
6/8/2026,46.1073,,,,,,,,,,,
6/9/2026,46.1238,,,,,,,,,,,
6/10/2026,46.127,,,,,,,,,,,
6/11/2026,46.2025,,,,,,,,,,,
6/12/2026,46.269,,,,,,,,,,,
6/15/2026,46.2985,,,,,,,,,,,
6/16/2026,46.2902,,,,,,,,,,,
6/17/2026,46.3601,,,,,,,,,,,
6/18/2026,46.4529,,,,,,,,,,,
6/19/2026,46.4438,,,,,,,,,,,
6/22/2026,46.4656,,,,,,,,,,,
6/23/2026,46.4739,,,,,,,,,,,
6/24/2026,46.5056,,,,,,,,,,,
6/25/2026,46.5673,,,,,,,,,,,
6/26/2026,46.6255,,,,,,,,,,,
6/29/2026,46.6471,,,,,,,,,,,
6/30/2026,46.6592,,,,,,,,,,,
7/1/2026,46.6625,,,,,,,,,,,
7/2/2026,46.7081,,,,,,,,,,,
7/3/2026,46.8088,,,,,,,,,,,
7/6/2026,46.8181,,,,,,,,,,,
7/7/2026,46.8496,,,,,,,,,,,
7/8/2026,46.8294,,,,,,,,,,,
7/9/2026,46.9009,,,,,,,,,,,
7/10/2026,46.9929,,,,,,,,,,,
7/13/2026,46.9933,,,,,,,,,,,
7/14/2026,47.0327,,,,,,,,,,,
7/15/2026,47.0397,,,,,,,,,,,
7/16/2026,47.1003,,,,,,,,,,,
7/17/2026,47.1623,,,,,,,,,,,
7/20/2026,47.1697,,,,,,,,,,,
7/21/2026,47.1865,,,,,,,,,,,
7/22/2026,47.2159,,,,,,,,,,,
7/23/2026,47.2676,,,,,,,,,,,
7/24/2026,47.3323,,,,,,,,,,,
7/27/2026,47.3448,,,,,,,,,,,
7/28/2026,47.3771,,,,,,,,,,,
7/29/2026,47.3904,,,,,,,,,,,
7/30/2026,47.4289,,,,,,,,,,,
7/31/2026,47.5127,,,,,,,,,,,
8/3/2026,47.5316,,,,,,,,,,,
8/4/2026,47.528,,,,,,,,,,,
8/5/2026,47.5669,,,,,,,,,,,
8/6/2026,47.6245,,,,,,,,,,,
8/7/2026,47.7111,,,,,,,,,,,
